{
  "5": {
    "center_y_px": 22.293333333333333,
    "center_x_px": 194.55666666666667,
    "centroid_um": [
      0.0,
      8.444714666666668,
      73.69806533333335
    ],
    "radii_um": [
      0.0,
      5.0,
      10.0,
      15.0,
      20.0,
      25.0,
      30.0,
      35.0,
      40.0
    ],
    "radii_px": [
      0.0,
      13.199577613516366,
      26.399155227032733,
      39.5987328405491,
      52.798310454065465,
      65.99788806758183,
      79.1974656810982,
      92.39704329461456,
      105.59662090813093
    ]
  },
  "15": {
    "center_y_px": 155.35777777777778,
    "center_x_px": 381.80444444444447,
    "centroid_um": [
      0.0,
      58.84952622222223,
      144.62752355555557
    ],
    "radii_um": [
      0.0,
      5.0,
      10.0,
      15.0,
      20.0,
      25.0,
      30.0,
      35.0,
      40.0
    ],
    "radii_px": [
      0.0,
      13.199577613516366,
      26.399155227032733,
      39.5987328405491,
      52.798310454065465,
      65.99788806758183,
      79.1974656810982,
      92.39704329461456,
      105.59662090813093
    ]
  },
  "16": {
    "center_y_px": 155.76310679611652,
    "center_x_px": 236.4271844660194,
    "centroid_um": [
      0.0,
      59.003064854368944,
      89.55861747572816
    ],
    "radii_um": [
      0.0,
      5.0,
      10.0,
      15.0,
      20.0,
      25.0,
      30.0,
      35.0,
      40.0
    ],
    "radii_px": [
      0.0,
      13.199577613516366,
      26.399155227032733,
      39.5987328405491,
      52.798310454065465,
      65.99788806758183,
      79.1974656810982,
      92.39704329461456,
      105.59662090813093
    ]
  },
  "18": {
    "center_y_px": 188.9508670520231,
    "center_x_px": 216.4306358381503,
    "centroid_um": [
      0.0,
      71.57458843930635,
      81.98392485549134
    ],
    "radii_um": [
      0.0,
      5.0,
      10.0,
      15.0,
      20.0,
      25.0,
      30.0,
      35.0,
      40.0
    ],
    "radii_px": [
      0.0,
      13.199577613516366,
      26.399155227032733,
      39.5987328405491,
      52.798310454065465,
      65.99788806758183,
      79.1974656810982,
      92.39704329461456,
      105.59662090813093
    ]
  },
  "20": {
    "center_y_px": 244.8705035971223,
    "center_x_px": 204.84892086330936,
    "centroid_um": [
      0.0,
      92.75694676258993,
      77.59677122302159
    ],
    "radii_um": [
      0.0,
      5.0,
      10.0,
      15.0,
      20.0,
      25.0,
      30.0,
      35.0,
      40.0
    ],
    "radii_px": [
      0.0,
      13.199577613516366,
      26.399155227032733,
      39.5987328405491,
      52.798310454065465,
      65.99788806758183,
      79.1974656810982,
      92.39704329461456,
      105.59662090813093
    ]
  },
  "22": {
    "center_y_px": 321.30337078651684,
    "center_x_px": 178.48876404494382,
    "centroid_um": [
      0.0,
      121.70971685393259,
      67.61154382022472
    ],
    "radii_um": [
      0.0,
      5.0,
      10.0,
      15.0,
      20.0,
      25.0,
      30.0,
      35.0,
      40.0
    ],
    "radii_px": [
      0.0,
      13.199577613516366,
      26.399155227032733,
      39.5987328405491,
      52.798310454065465,
      65.99788806758183,
      79.1974656810982,
      92.39704329461456,
      105.59662090813093
    ]
  },
  "25": {
    "center_y_px": 349.5262008733624,
    "center_x_px": 249.38646288209608,
    "centroid_um": [
      0.0,
      132.4005248908297,
      94.467592139738
    ],
    "radii_um": [
      0.0,
      5.0,
      10.0,
      15.0,
      20.0,
      25.0,
      30.0,
      35.0,
      40.0
    ],
    "radii_px": [
      0.0,
      13.199577613516366,
      26.399155227032733,
      39.5987328405491,
      52.798310454065465,
      65.99788806758183,
      79.1974656810982,
      92.39704329461456,
      105.59662090813093
    ]
  },
  "26": {
    "center_y_px": 353.2763713080169,
    "center_x_px": 474.668776371308,
    "centroid_um": [
      0.0,
      133.8210894514768,
      179.80453248945147
    ],
    "radii_um": [
      0.0,
      5.0,
      10.0,
      15.0,
      20.0,
      25.0,
      30.0,
      35.0,
      40.0
    ],
    "radii_px": [
      0.0,
      13.199577613516366,
      26.399155227032733,
      39.5987328405491,
      52.798310454065465,
      65.99788806758183,
      79.1974656810982,
      92.39704329461456,
      105.59662090813093
    ]
  },
  "27": {
    "center_y_px": 359.5888324873096,
    "center_x_px": 181.9289340101523,
    "centroid_um": [
      0.0,
      136.2122497461929,
      68.91468020304569
    ],
    "radii_um": [
      0.0,
      5.0,
      10.0,
      15.0,
      20.0,
      25.0,
      30.0,
      35.0,
      40.0
    ],
    "radii_px": [
      0.0,
      13.199577613516366,
      26.399155227032733,
      39.5987328405491,
      52.798310454065465,
      65.99788806758183,
      79.1974656810982,
      92.39704329461456,
      105.59662090813093
    ]
  },
  "29": {
    "center_y_px": 380.2358803986711,
    "center_x_px": 177.82392026578074,
    "centroid_um": [
      0.0,
      144.03335149501663,
      67.35970099667774
    ],
    "radii_um": [
      0.0,
      5.0,
      10.0,
      15.0,
      20.0,
      25.0,
      30.0,
      35.0,
      40.0
    ],
    "radii_px": [
      0.0,
      13.199577613516366,
      26.399155227032733,
      39.5987328405491,
      52.798310454065465,
      65.99788806758183,
      79.1974656810982,
      92.39704329461456,
      105.59662090813093
    ]
  },
  "31": {
    "center_y_px": 386.11559139784947,
    "center_x_px": 194.46236559139786,
    "centroid_um": [
      0.0,
      146.2605860215054,
      73.6623440860215
    ],
    "radii_um": [
      0.0,
      5.0,
      10.0,
      15.0,
      20.0,
      25.0,
      30.0,
      35.0,
      40.0
    ],
    "radii_px": [
      0.0,
      13.199577613516366,
      26.399155227032733,
      39.5987328405491,
      52.798310454065465,
      65.99788806758183,
      79.1974656810982,
      92.39704329461456,
      105.59662090813093
    ]
  },
  "38": {
    "center_y_px": 461.2269503546099,
    "center_x_px": 194.15839243498817,
    "centroid_um": [
      0.0,
      174.71276879432625,
      73.54719905437352
    ],
    "radii_um": [
      0.0,
      5.0,
      10.0,
      15.0,
      20.0,
      25.0,
      30.0,
      35.0,
      40.0
    ],
    "radii_px": [
      0.0,
      13.199577613516366,
      26.399155227032733,
      39.5987328405491,
      52.798310454065465,
      65.99788806758183,
      79.1974656810982,
      92.39704329461456,
      105.59662090813093
    ]
  },
  "41": {
    "center_y_px": 467.6215596330275,
    "center_x_px": 361.9380733944954,
    "centroid_um": [
      0.0,
      177.13504678899085,
      137.10214220183488
    ],
    "radii_um": [
      0.0,
      5.0,
      10.0,
      15.0,
      20.0,
      25.0,
      30.0,
      35.0,
      40.0
    ],
    "radii_px": [
      0.0,
      13.199577613516366,
      26.399155227032733,
      39.5987328405491,
      52.798310454065465,
      65.99788806758183,
      79.1974656810982,
      92.39704329461456,
      105.59662090813093
    ]
  },
  "44": {
    "center_y_px": 471.73741794310723,
    "center_x_px": 211.23851203501093,
    "centroid_um": [
      0.0,
      178.69413391684904,
      80.01714835886214
    ],
    "radii_um": [
      0.0,
      5.0,
      10.0,
      15.0,
      20.0,
      25.0,
      30.0,
      35.0,
      40.0
    ],
    "radii_px": [
      0.0,
      13.199577613516366,
      26.399155227032733,
      39.5987328405491,
      52.798310454065465,
      65.99788806758183,
      79.1974656810982,
      92.39704329461456,
      105.59662090813093
    ]
  },
  "46": {
    "center_y_px": 497.71604938271605,
    "center_x_px": 209.21481481481482,
    "centroid_um": [
      0.0,
      188.53483950617286,
      79.25057185185186
    ],
    "radii_um": [
      0.0,
      5.0,
      10.0,
      15.0,
      20.0,
      25.0,
      30.0,
      35.0,
      40.0
    ],