{
  "43": {
    "center_y_px": 277.02952029520293,
    "center_x_px": 843.180811808118,
    "centroid_um": [
      0.0,
      104.93878228782287,
      319.39689151291515
    ],
    "radii_um": [
      0.0,
      5.0,
      10.0,
      15.0,
      20.0,
      25.0,
      30.0,
      35.0,
      40.0
    ],
    "radii_px": [
      0.0,
      13.199577613516366,
      26.399155227032733,
      39.5987328405491,
      52.798310454065465,
      65.99788806758183,
      79.1974656810982,
      92.39704329461456,
      105.59662090813093
    ]
  },
  "51": {
    "center_y_px": 306.6694214876033,
    "center_x_px": 976.8223140495868,
    "centroid_um": [
      0.0,
      116.16637685950414,
      370.0202925619835
    ],
    "radii_um": [
      0.0,
      5.0,
      10.0,
      15.0,
      20.0,
      25.0,
      30.0,
      35.0,
      40.0
    ],
    "radii_px": [
      0.0,
      13.199577613516366,
      26.399155227032733,
      39.5987328405491,
      52.798310454065465,
      65.99788806758183,
      79.1974656810982,
      92.39704329461456,
      105.59662090813093
    ]
  },
  "52": {
    "center_y_px": 312.26099706744867,
    "center_x_px": 905.3900293255132,
    "centroid_um": [
      0.0,
      118.28446568914957,
      342.96174310850444
    ],
    "radii_um": [
      0.0,
      5.0,
      10.0,
      15.0,
      20.0,
      25.0,
      30.0,
      35.0,
      40.0
    ],
    "radii_px": [
      0.0,
      13.199577613516366,
      26.399155227032733,
      39.5987328405491,
      52.798310454065465,
      65.99788806758183,
      79.1974656810982,
      92.39704329461456,
      105.59662090813093
    ]
  },
  "66": {
    "center_y_px": 363.78242677824267,
    "center_x_px": 878.9832635983264,
    "centroid_um": [
      0.0,
      137.80078326359833,
      332.9588602510461
    ],
    "radii_um": [
      0.0,
      5.0,
      10.0,
      15.0,
      20.0,
      25.0,
      30.0,
      35.0,
      40.0
    ],
    "radii_px": [
      0.0,
      13.199577613516366,
      26.399155227032733,
      39.5987328405491,
      52.798310454065465,
      65.99788806758183,
      79.1974656810982,
      92.39704329461456,
      105.59662090813093
    ]
  },
  "76": {
    "center_y_px": 447.475,
    "center_x_px": 795.395,
    "centroid_um": [
      0.0,
      169.50353,
      301.295626
    ],
    "radii_um": [
      0.0,
      5.0,
      10.0,
      15.0,
      20.0,
      25.0,
      30.0,
      35.0,
      40.0
    ],
    "radii_px": [
      0.0,
      13.199577613516366,
      26.399155227032733,
      39.5987328405491,
      52.798310454065465,
      65.99788806758183,
      79.1974656810982,
      92.39704329461456,
      105.59662090813093
    ]
  },
  "83": {
    "center_y_px": 516.697247706422,
    "center_x_px": 614.8669724770642,
    "centroid_um": [
      0.0,
      195.72491743119267,
      232.91160917431193
    ],
    "radii_um": [
      0.0,
      5.0,
      10.0,
      15.0,
      20.0,
      25.0,
      30.0,
      35.0,
      40.0
    ],
    "radii_px": [
      0.0,
      13.199577613516366,
      26.399155227032733,
      39.5987328405491,
      52.798310454065465,
      65.99788806758183,
      79.1974656810982,
      92.39704329461456,
      105.59662090813093
    ]
  },
  "84": {
    "center_y_px": 520.4615384615385,
    "center_x_px": 738.6346153846154,
    "centroid_um": [
      0.0,
      197.15083076923077,
      279.7947923076923
    ],
    "radii_um": [
      0.0,
      5.0,
      10.0,
      15.0,
      20.0,
      25.0,
      30.0,
      35.0,
      40.0
    ],
    "radii_px": [
      0.0,
      13.199577613516366,
      26.399155227032733,
      39.5987328405491,
      52.798310454065465,
      65.99788806758183,
      79.1974656810982,
      92.39704329461456,
      105.59662090813093
    ]
  },
  "88": {
    "center_y_px": 577.8783068783068,
    "center_x_px": 679.2010582010582,
    "centroid_um": [
      0.0,
      218.90030264550265,
      257.28136084656086
    ],
    "radii_um": [
      0.0,
      5.0,
      10.0,
      15.0,
      20.0,
      25.0,
      30.0,
      35.0,
      40.0
    ],
    "radii_px": [
      0.0,
      13.199577613516366,
      26.399155227032733,
      39.5987328405491,
      52.798310454065465,
      65.99788806758183,
      79.1974656810982,
      92.39704329461456,
      105.59662090813093
    ]
  },
  "91": {
    "center_y_px": 602.68125,
    "center_x_px": 652.91875,
    "centroid_um": [
      0.0,
      228.2956575,
      247.32562250000004
    ],
    "radii_um": [
      0.0,
      5.0,
      10.0,
      15.0,
      20.0,
      25.0,
      30.0,
      35.0,
      40.0
    ],
    "radii_px": [
      0.0,
      13.199577613516366,
      26.399155227032733,
      39.5987328405491,
      52.798310454065465,
      65.99788806758183,
      79.1974656810982,
      92.39704329461456,
      105.59662090813093
    ]
  },
  "93": {
    "center_y_px": 676.1608695652174,
    "center_x_px": 568.5826086956522,
    "centroid_um": [
      0.0,
      256.12973739130433,
      215.37909217391308
    ],
    "radii_um": [
      0.0,
      5.0,
      10.0,
      15.0,
      20.0,
      25.0,
      30.0,
      35.0,
      40.0
    ],
    "radii_px": [
      0.0,
      13.199577613516366,
      26.399155227032733,
      39.5987328405491,
      52.798310454065465,
      65.99788806758183,
      79.1974656810982,
      92.39704329461456,
      105.59662090813093
    ]
  },
  "97": {
    "center_y_px": 756.2539682539683,
    "center_x_px": 509.8941798941799,
    "centroid_um": [
      0.0,
      286.4690031746032,
      193.14791534391537
    ],
    "radii_um": [
      0.0,
      5.0,
      10.0,
      15.0,
      20.0,
      25.0,
      30.0,
      35.0,
      40.0
    ],
    "radii_px": [
      0.0,
      13.199577613516366,
      26.399155227032733,
      39.5987328405491,
      52.798310454065465,
      65.99788806758183,
      79.1974656810982,
      92.39704329461456,
      105.59662090813093
    ]
  },
  "98": {
    "center_y_px": 747.8323699421966,
    "center_x_px": 487.8150289017341,
    "centroid_um": [
      0.0,
      283.27890173410407,
      184.78433294797688
    ],
    "radii_um": [
      0.0,
      5.0,
      10.0,
      15.0,
      20.0,
      25.0,
      30.0,
      35.0,
      40.0
    ],
    "radii_px": [
      0.0,
      13.199577613516366,
      26.399155227032733,
      39.5987328405491,
      52.798310454065465,
      65.99788806758183,
      79.1974656810982,
      92.39704329461456,
      105.59662090813093
    ]
  },
  "99": {
    "center_y_px": 775.7175572519084,
    "center_x_px": 493.0381679389313,
    "centroid_um": [
      0.0,
      293.8418106870229,
      186.76285801526717
    ],
    "radii_um": [
      0.0,
      5.0,
      10.0,
      15.0,
      20.0,
      25.0,
      30.0,
      35.0,
      40.0
    ],
    "radii_px": [
      0.0,
      13.199577613516366,
      26.399155227032733,
      39.5987328405491,
      52.798310454065465,
      65.99788806758183,
      79.1974656810982,
      92.39704329461456,
      105.59662090813093
    ]
  },
  "101": {
    "center_y_px": 804.7411003236246,
    "center_x_px": 47.394822006472495,
    "centroid_um": [
      0.0,
      304.835928802589,
      17.95315857605178
    ],
    "radii_um": [
      0.0,
      5.0,
      10.0,
      15.0,
      20.0,
      25.0,
      30.0,
      35.0,
      40.0
    ],
    "radii_px": [
      0.0,
      13.199577613516366,
      26.399155227032733,
      39.5987328405491,
      52.798310454065465,
      65.99788806758183,
      79.1974656810982,
      92.39704329461456,
      105.59662090813093
    ]
  },
  "102": {
    "center_y_px": 827.1570247933885,
    "center_x_px": 444.7314049586777,
    "centroid_um": [
      0.0,
      313.32708099173556,
      168.4642561983471
    ],
    "radii_um": [
      0.0,
      5.0,
      10.0,
      15.0,
      20.0,
      25.0,
      30.0,
      35.0,
      40.0
    ],