{
  "1": {
    "center_y_px": 25.0,
    "center_x_px": 5.161016949152542,
    "centroid_um": [
      0.0,
      9.47,
      1.9549932203389833
    ],
    "radii_um": [
      0.0,
      5.0,
      10.0,
      15.0,
      20.0,
      25.0,
      30.0,
      35.0,
      40.0
    ],
    "radii_px": [
      0.0,
      13.199577613516366,
      26.399155227032733,
      39.5987328405491,
      52.798310454065465,
      65.99788806758183,
      79.1974656810982,
      92.39704329461456,
      105.59662090813093
    ]
  },
  "5": {
    "center_y_px": 165.99107142857142,
    "center_x_px": 311.3125,
    "centroid_um": [
      0.0,
      62.87741785714286,
      117.92517500000001
    ],
    "radii_um": [
      0.0,
      5.0,
      10.0,
      15.0,
      20.0,
      25.0,
      30.0,
      35.0,
      40.0
    ],
    "radii_px": [
      0.0,
      13.199577613516366,
      26.399155227032733,
      39.5987328405491,
      52.798310454065465,
      65.99788806758183,
      79.1974656810982,
      92.39704329461456,
      105.59662090813093
    ]
  },
  "8": {
    "center_y_px": 189.97071129707112,
    "center_x_px": 433.43514644351467,
    "centroid_um": [
      0.0,
      71.96090543933055,
      164.18523347280336
    ],
    "radii_um": [
      0.0,
      5.0,
      10.0,
      15.0,
      20.0,
      25.0,
      30.0,
      35.0,
      40.0
    ],
    "radii_px": [
      0.0,
      13.199577613516366,
      26.399155227032733,
      39.5987328405491,
      52.798310454065465,
      65.99788806758183,
      79.1974656810982,
      92.39704329461456,
      105.59662090813093
    ]
  },
  "14": {
    "center_y_px": 235.16091954022988,
    "center_x_px": 365.98275862068965,
    "centroid_um": [
      0.0,
      89.07895632183909,
      138.63426896551724
    ],
    "radii_um": [
      0.0,
      5.0,
      10.0,
      15.0,
      20.0,
      25.0,
      30.0,
      35.0,
      40.0
    ],
    "radii_px": [
      0.0,
      13.199577613516366,
      26.399155227032733,
      39.5987328405491,
      52.798310454065465,
      65.99788806758183,
      79.1974656810982,
      92.39704329461456,
      105.59662090813093
    ]
  },
  "18": {
    "center_y_px": 263.77542372881356,
    "center_x_px": 220.5677966101695,
    "centroid_um": [
      0.0,
      99.91813050847459,
      83.55108135593221
    ],
    "radii_um": [
      0.0,
      5.0,
      10.0,
      15.0,
      20.0,
      25.0,
      30.0,
      35.0,
      40.0
    ],
    "radii_px": [
      0.0,
      13.199577613516366,
      26.399155227032733,
      39.5987328405491,
      52.798310454065465,
      65.99788806758183,
      79.1974656810982,
      92.39704329461456,
      105.59662090813093
    ]
  },
  "22": {
    "center_y_px": 300.1102661596958,
    "center_x_px": 396.28897338403044,
    "centroid_um": [
      0.0,
      113.68176882129278,
      150.11426311787073
    ],
    "radii_um": [
      0.0,
      5.0,
      10.0,
      15.0,
      20.0,
      25.0,
      30.0,
      35.0,
      40.0
    ],
    "radii_px": [
      0.0,
      13.199577613516366,
      26.399155227032733,
      39.5987328405491,
      52.798310454065465,
      65.99788806758183,
      79.1974656810982,
      92.39704329461456,
      105.59662090813093
    ]
  },
  "25": {
    "center_y_px": 303.7761904761905,
    "center_x_px": 693.6571428571428,
    "centroid_um": [
      0.0,
      115.07042095238097,
      262.75732571428574
    ],
    "radii_um": [
      0.0,
      5.0,
      10.0,
      15.0,
      20.0,
      25.0,
      30.0,
      35.0,
      40.0
    ],
    "radii_px": [
      0.0,
      13.199577613516366,
      26.399155227032733,
      39.5987328405491,
      52.798310454065465,
      65.99788806758183,
      79.1974656810982,
      92.39704329461456,
      105.59662090813093
    ]
  },
  "27": {
    "center_y_px": 314.54619565217394,
    "center_x_px": 531.0978260869565,
    "centroid_um": [
      0.0,
      119.1500989130435,
      201.17985652173914
    ],
    "radii_um": [
      0.0,
      5.0,
      10.0,
      15.0,
      20.0,
      25.0,
      30.0,
      35.0,
      40.0
    ],
    "radii_px": [
      0.0,
      13.199577613516366,
      26.399155227032733,
      39.5987328405491,
      52.798310454065465,
      65.99788806758183,
      79.1974656810982,
      92.39704329461456,
      105.59662090813093
    ]
  },
  "34": {
    "center_y_px": 349.1214953271028,
    "center_x_px": 477.7056074766355,
    "centroid_um": [
      0.0,
      132.24722242990657,
      180.95488411214956
    ],
    "radii_um": [
      0.0,
      5.0,
      10.0,
      15.0,
      20.0,
      25.0,
      30.0,
      35.0,
      40.0
    ],
    "radii_px": [
      0.0,
      13.199577613516366,
      26.399155227032733,
      39.5987328405491,
      52.798310454065465,
      65.99788806758183,
      79.1974656810982,
      92.39704329461456,
      105.59662090813093
    ]
  },
  "36": {
    "center_y_px": 373.03985507246375,
    "center_x_px": 844.445652173913,
    "centroid_um": [
      0.0,
      141.3074971014493,
      319.8760130434783
    ],
    "radii_um": [
      0.0,
      5.0,
      10.0,
      15.0,
      20.0,
      25.0,
      30.0,
      35.0,
      40.0
    ],
    "radii_px": [
      0.0,
      13.199577613516366,
      26.399155227032733,
      39.5987328405491,
      52.798310454065465,
      65.99788806758183,
      79.1974656810982,
      92.39704329461456,
      105.59662090813093
    ]
  },
  "38": {
    "center_y_px": 408.02507836990594,
    "center_x_px": 905.6144200626959,
    "centroid_um": [
      0.0,
      154.55989968652037,
      343.0467423197492
    ],
    "radii_um": [
      0.0,
      5.0,
      10.0,
      15.0,
      20.0,
      25.0,
      30.0,
      35.0,
      40.0
    ],
    "radii_px": [
      0.0,
      13.199577613516366,
      26.399155227032733,
      39.5987328405491,
      52.798310454065465,
      65.99788806758183,
      79.1974656810982,
      92.39704329461456,
      105.59662090813093
    ]
  },
  "39": {
    "center_y_px": 434.32,
    "center_x_px": 841.7454545454545,
    "centroid_um": [
      0.0,
      164.520416,
      318.8531781818182
    ],
    "radii_um": [
      0.0,
      5.0,
      10.0,
      15.0,
      20.0,
      25.0,
      30.0,
      35.0,
      40.0
    ],
    "radii_px": [
      0.0,
      13.199577613516366,
      26.399155227032733,
      39.5987328405491,
      52.798310454065465,
      65.99788806758183,
      79.1974656810982,
      92.39704329461456,
      105.59662090813093
    ]
  },
  "40": {
    "center_y_px": 444.3306451612903,
    "center_x_px": 955.0241935483871,
    "centroid_um": [
      0.0,
      168.31244838709677,
      361.76316451612905
    ],
    "radii_um": [
      0.0,
      5.0,
      10.0,
      15.0,
      20.0,
      25.0,
      30.0,
      35.0,
      40.0
    ],
    "radii_px": [
      0.0,
      13.199577613516366,
      26.399155227032733,
      39.5987328405491,
      52.798310454065465,
      65.99788806758183,
      79.1974656810982,
      92.39704329461456,
      105.59662090813093
    ]
  },
  "41": {
    "center_y_px": 448.6,
    "center_x_px": 419.65714285714284,
    "centroid_um": [
      0.0,
      169.92968000000002,
      158.9661257142857
    ],
    "radii_um": [
      0.0,
      5.0,
      10.0,
      15.0,
      20.0,
      25.0,
      30.0,
      35.0,
      40.0
    ],
    "radii_px": [
      0.0,
      13.199577613516366,
      26.399155227032733,
      39.5987328405491,
      52.798310454065465,
      65.99788806758183,
      79.1974656810982,
      92.39704329461456,
      105.59662090813093
    ]
  },
  "44": {
    "center_y_px": 482.86729857819904,
    "center_x_px": 927.2322274881517,
    "centroid_um": [
      0.0,
      182.91013270142182,
      351.2355677725119
    ],
    "radii_um": [
      0.0,
      5.0,
      10.0,
      15.0,
      20.0,
      25.0,
      30.0,
      35.0,
      40.0
    ],