{
  "10": {
    "center_y_px": 59.1294964028777,
    "center_x_px": 98.71942446043165,
    "centroid_um": [
      0.0,
      22.398253237410074,
      37.394917985611514
    ],
    "radii_um": [
      0.0,
      5.0,
      10.0,
      15.0,
      20.0,
      25.0,
      30.0,
      35.0,
      40.0
    ],
    "radii_px": [
      0.0,
      13.199577613516366,
      26.399155227032733,
      39.5987328405491,
      52.798310454065465,
      65.99788806758183,
      79.1974656810982,
      92.39704329461456,
      105.59662090813093
    ]
  },
  "19": {
    "center_y_px": 143.06611570247935,
    "center_x_px": 97.16528925619835,
    "centroid_um": [
      0.0,
      54.19344462809918,
      36.80621157024794
    ],
    "radii_um": [
      0.0,
      5.0,
      10.0,
      15.0,
      20.0,
      25.0,
      30.0,
      35.0,
      40.0
    ],
    "radii_px": [
      0.0,
      13.199577613516366,
      26.399155227032733,
      39.5987328405491,
      52.798310454065465,
      65.99788806758183,
      79.1974656810982,
      92.39704329461456,
      105.59662090813093
    ]
  },
  "26": {
    "center_y_px": 167.51293103448276,
    "center_x_px": 297.14224137931035,
    "centroid_um": [
      0.0,
      63.45389827586207,
      112.55748103448276
    ],
    "radii_um": [
      0.0,
      5.0,
      10.0,
      15.0,
      20.0,
      25.0,
      30.0,
      35.0,
      40.0
    ],
    "radii_px": [
      0.0,
      13.199577613516366,
      26.399155227032733,
      39.5987328405491,
      52.798310454065465,
      65.99788806758183,
      79.1974656810982,
      92.39704329461456,
      105.59662090813093
    ]
  },
  "27": {
    "center_y_px": 174.32022471910113,
    "center_x_px": 102.93820224719101,
    "centroid_um": [
      0.0,
      66.03250112359551,
      38.99299101123596
    ],
    "radii_um": [
      0.0,
      5.0,
      10.0,
      15.0,
      20.0,
      25.0,
      30.0,
      35.0,
      40.0
    ],
    "radii_px": [
      0.0,
      13.199577613516366,
      26.399155227032733,
      39.5987328405491,
      52.798310454065465,
      65.99788806758183,
      79.1974656810982,
      92.39704329461456,
      105.59662090813093
    ]
  },
  "30": {
    "center_y_px": 183.2662721893491,
    "center_x_px": 169.90532544378698,
    "centroid_um": [
      0.0,
      69.42126390532545,
      64.3601372781065
    ],
    "radii_um": [
      0.0,
      5.0,
      10.0,
      15.0,
      20.0,
      25.0,
      30.0,
      35.0,
      40.0
    ],
    "radii_px": [
      0.0,
      13.199577613516366,
      26.399155227032733,
      39.5987328405491,
      52.798310454065465,
      65.99788806758183,
      79.1974656810982,
      92.39704329461456,
      105.59662090813093
    ]
  },
  "31": {
    "center_y_px": 191.0909090909091,
    "center_x_px": 105.32727272727273,
    "centroid_um": [
      0.0,
      72.38523636363637,
      39.897970909090915
    ],
    "radii_um": [
      0.0,
      5.0,
      10.0,
      15.0,
      20.0,
      25.0,
      30.0,
      35.0,
      40.0
    ],
    "radii_px": [
      0.0,
      13.199577613516366,
      26.399155227032733,
      39.5987328405491,
      52.798310454065465,
      65.99788806758183,
      79.1974656810982,
      92.39704329461456,
      105.59662090813093
    ]
  },
  "34": {
    "center_y_px": 198.06349206349208,
    "center_x_px": 366.42857142857144,
    "centroid_um": [
      0.0,
      75.02645079365081,
      138.80314285714286
    ],
    "radii_um": [
      0.0,
      5.0,
      10.0,
      15.0,
      20.0,
      25.0,
      30.0,
      35.0,
      40.0
    ],
    "radii_px": [
      0.0,
      13.199577613516366,
      26.399155227032733,
      39.5987328405491,
      52.798310454065465,
      65.99788806758183,
      79.1974656810982,
      92.39704329461456,
      105.59662090813093
    ]
  },
  "43": {
    "center_y_px": 253.2,
    "center_x_px": 108.06315789473685,
    "centroid_um": [
      0.0,
      95.91216,
      40.93432421052632
    ],
    "radii_um": [
      0.0,
      5.0,
      10.0,
      15.0,
      20.0,
      25.0,
      30.0,
      35.0,
      40.0
    ],
    "radii_px": [
      0.0,
      13.199577613516366,
      26.399155227032733,
      39.5987328405491,
      52.798310454065465,
      65.99788806758183,
      79.1974656810982,
      92.39704329461456,
      105.59662090813093
    ]
  },
  "48": {
    "center_y_px": 273.68918918918916,
    "center_x_px": 108.14189189189189,
    "centroid_um": [
      0.0,
      103.67346486486487,
      40.96414864864865
    ],
    "radii_um": [
      0.0,
      5.0,
      10.0,
      15.0,
      20.0,
      25.0,
      30.0,
      35.0,
      40.0
    ],
    "radii_px": [
      0.0,
      13.199577613516366,
      26.399155227032733,
      39.5987328405491,
      52.798310454065465,
      65.99788806758183,
      79.1974656810982,
      92.39704329461456,
      105.59662090813093
    ]
  },
  "83": {
    "center_y_px": 457.3623188405797,
    "center_x_px": 120.34782608695652,
    "centroid_um": [
      0.0,
      173.2488463768116,
      45.58775652173913
    ],
    "radii_um": [
      0.0,
      5.0,
      10.0,
      15.0,
      20.0,
      25.0,
      30.0,
      35.0,
      40.0
    ],
    "radii_px": [
      0.0,
      13.199577613516366,
      26.399155227032733,
      39.5987328405491,
      52.798310454065465,
      65.99788806758183,
      79.1974656810982,
      92.39704329461456,
      105.59662090813093
    ]
  },
  "128": {
    "center_y_px": 766.6524390243902,
    "center_x_px": 165.40243902439025,
    "centroid_um": [
      0.0,
      290.40794390243906,
      62.65444390243903
    ],
    "radii_um": [
      0.0,
      5.0,
      10.0,
      15.0,
      20.0,
      25.0,
      30.0,
      35.0,
      40.0
    ],
    "radii_px": [
      0.0,
      13.199577613516366,
      26.399155227032733,
      39.5987328405491,
      52.798310454065465,
      65.99788806758183,
      79.1974656810982,
      92.39704329461456,
      105.59662090813093
    ]
  },
  "132": {
    "center_y_px": 767.2631578947369,
    "center_x_px": 143.60287081339712,
    "centroid_um": [
      0.0,
      290.63928421052634,
      54.39676746411483
    ],
    "radii_um": [
      0.0,
      5.0,
      10.0,
      15.0,
      20.0,
      25.0,
      30.0,
      35.0,
      40.0
    ],
    "radii_px": [
      0.0,
      13.199577613516366,
      26.399155227032733,
      39.5987328405491,
      52.798310454065465,
      65.99788806758183,
      79.1974656810982,
      92.39704329461456,
      105.59662090813093
    ]
  },
  "135": {
    "center_y_px": 798.1184834123222,
    "center_x_px": 200.27962085308056,
    "centroid_um": [
      0.0,
      302.3272815165877,
      75.86592037914691
    ],
    "radii_um": [
      0.0,
      5.0,
      10.0,
      15.0,
      20.0,
      25.0,
      30.0,
      35.0,
      40.0
    ],
    "radii_px": [
      0.0,
      13.199577613516366,
      26.399155227032733,
      39.5987328405491,
      52.798310454065465,
      65.99788806758183,
      79.1974656810982,
      92.39704329461456,
      105.59662090813093
    ]
  },
  "137": {
    "center_y_px": 824.9153846153846,
    "center_x_px": 136.73076923076923,
    "centroid_um": [
      0.0,
      312.4779476923077,
      51.793615384615386
    ],
    "radii_um": [
      0.0,
      5.0,
      10.0,
      15.0,
      20.0,
      25.0,
      30.0,
      35.0,
      40.0
    ],
    "radii_px": [
      0.0,
      13.199577613516366,
      26.399155227032733,
      39.5987328405491,
      52.798310454065465,
      65.99788806758183,
      79.1974656810982,
      92.39704329461456,
      105.59662090813093
    ]
  },
  "185": {
    "center_y_px": 755.2374429223744,
    "center_x_px": 164.81278538812785,
    "centroid_um": [
      0.0,
      286.08394337899546,
      62.431083105022836
    ],
    "radii_um": [
      0.0,
      5.0,
      10.0,
      15.0,
      20.0,
      25.0,
      30.0,
      35.0,
      40.0
    ],