{
  "5": {
    "center_y_px": 4.691891891891892,
    "center_x_px": 570.772972972973,
    "centroid_um": [
      0.0,
      1.7772886486486488,
      216.2088021621622
    ],
    "radii_um": [
      0.0,
      5.0,
      10.0,
      15.0,
      20.0,
      25.0,
      30.0,
      35.0,
      40.0
    ],
    "radii_px": [
      0.0,
      13.199577613516366,
      26.399155227032733,
      39.5987328405491,
      52.798310454065465,
      65.99788806758183,
      79.1974656810982,
      92.39704329461456,
      105.59662090813093
    ]
  },
  "14": {
    "center_y_px": 81.0891472868217,
    "center_x_px": 606.7945736434109,
    "centroid_um": [
      0.0,
      30.71656899224806,
      229.85378449612406
    ],
    "radii_um": [
      0.0,
      5.0,
      10.0,
      15.0,
      20.0,
      25.0,
      30.0,
      35.0,
      40.0
    ],
    "radii_px": [
      0.0,
      13.199577613516366,
      26.399155227032733,
      39.5987328405491,
      52.798310454065465,
      65.99788806758183,
      79.1974656810982,
      92.39704329461456,
      105.59662090813093
    ]
  },
  "18": {
    "center_y_px": 98.60402684563758,
    "center_x_px": 641.3087248322148,
    "centroid_um": [
      0.0,
      37.35120536912752,
      242.927744966443
    ],
    "radii_um": [
      0.0,
      5.0,
      10.0,
      15.0,
      20.0,
      25.0,
      30.0,
      35.0,
      40.0
    ],
    "radii_px": [
      0.0,
      13.199577613516366,
      26.399155227032733,
      39.5987328405491,
      52.798310454065465,
      65.99788806758183,
      79.1974656810982,
      92.39704329461456,
      105.59662090813093
    ]
  },
  "22": {
    "center_y_px": 116.5126050420168,
    "center_x_px": 687.2436974789916,
    "centroid_um": [
      0.0,
      44.134974789915965,
      260.32791260504206
    ],
    "radii_um": [
      0.0,
      5.0,
      10.0,
      15.0,
      20.0,
      25.0,
      30.0,
      35.0,
      40.0
    ],
    "radii_px": [
      0.0,
      13.199577613516366,
      26.399155227032733,
      39.5987328405491,
      52.798310454065465,
      65.99788806758183,
      79.1974656810982,
      92.39704329461456,
      105.59662090813093
    ]
  },
  "33": {
    "center_y_px": 155.2091836734694,
    "center_x_px": 703.1428571428571,
    "centroid_um": [
      0.0,
      58.79323877551021,
      266.35051428571427
    ],
    "radii_um": [
      0.0,
      5.0,
      10.0,
      15.0,
      20.0,
      25.0,
      30.0,
      35.0,
      40.0
    ],
    "radii_px": [
      0.0,
      13.199577613516366,
      26.399155227032733,
      39.5987328405491,
      52.798310454065465,
      65.99788806758183,
      79.1974656810982,
      92.39704329461456,
      105.59662090813093
    ]
  },
  "62": {
    "center_y_px": 262.6928838951311,
    "center_x_px": 706.9662921348314,
    "centroid_um": [
      0.0,
      99.50806441947567,
      267.79883146067414
    ],
    "radii_um": [
      0.0,
      5.0,
      10.0,
      15.0,
      20.0,
      25.0,
      30.0,
      35.0,
      40.0
    ],
    "radii_px": [
      0.0,
      13.199577613516366,
      26.399155227032733,
      39.5987328405491,
      52.798310454065465,
      65.99788806758183,
      79.1974656810982,
      92.39704329461456,
      105.59662090813093
    ]
  },
  "138": {
    "center_y_px": 544.0380434782609,
    "center_x_px": 836.6413043478261,
    "centroid_um": [
      0.0,
      206.08161086956522,
      316.91972608695653
    ],
    "radii_um": [
      0.0,
      5.0,
      10.0,
      15.0,
      20.0,
      25.0,
      30.0,
      35.0,
      40.0
    ],
    "radii_px": [
      0.0,
      13.199577613516366,
      26.399155227032733,
      39.5987328405491,
      52.798310454065465,
      65.99788806758183,
      79.1974656810982,
      92.39704329461456,
      105.59662090813093
    ]
  },
  "141": {
    "center_y_px": 562.7225433526012,
    "center_x_px": 851.5664739884393,
    "centroid_um": [
      0.0,
      213.15929942196533,
      322.57338034682084
    ],
    "radii_um": [
      0.0,
      5.0,
      10.0,
      15.0,
      20.0,
      25.0,
      30.0,
      35.0,
      40.0
    ],
    "radii_px": [
      0.0,
      13.199577613516366,
      26.399155227032733,
      39.5987328405491,
      52.798310454065465,
      65.99788806758183,
      79.1974656810982,
      92.39704329461456,
      105.59662090813093
    ]
  },
  "213": {
    "center_y_px": 773.3037974683544,
    "center_x_px": 927.4430379746835,
    "centroid_um": [
      0.0,
      292.92747848101266,
      351.31542278481015
    ],
    "radii_um": [
      0.0,
      5.0,
      10.0,
      15.0,
      20.0,
      25.0,
      30.0,
      35.0,
      40.0
    ],
    "radii_px": [
      0.0,
      13.199577613516366,
      26.399155227032733,
      39.5987328405491,
      52.798310454065465,
      65.99788806758183,
      79.1974656810982,
      92.39704329461456,
      105.59662090813093
    ]
  },
  "237": {
    "center_y_px": 825.4827586206897,
    "center_x_px": 965.6436781609195,
    "centroid_um": [
      0.0,
      312.6928689655173,
      365.7858252873563
    ],
    "radii_um": [
      0.0,
      5.0,
      10.0,
      15.0,
      20.0,
      25.0,
      30.0,
      35.0,
      40.0
    ],
    "radii_px": [
      0.0,
      13.199577613516366,
      26.399155227032733,
      39.5987328405491,
      52.798310454065465,
      65.99788806758183,
      79.1974656810982,
      92.39704329461456,
      105.59662090813093
    ]
  },
  "304": {
    "center_y_px": 192.32,
    "center_x_px": 732.705,
    "centroid_um": [
      0.0,
      72.85081600000001,
      277.54865400000006
    ],
    "radii_um": [
      0.0,
      5.0,
      10.0,
      15.0,
      20.0,
      25.0,
      30.0,
      35.0,
      40.0
    ],
    "radii_px": [
      0.0,
      13.199577613516366,
      26.399155227032733,
      39.5987328405491,
      52.798310454065465,
      65.99788806758183,
      79.1974656810982,
      92.39704329461456,
      105.59662090813093
    ]
  },
  "326": {
    "center_y_px": 601.1271676300578,
    "center_x_px": 886.4682080924855,
    "centroid_um": [
      0.0,
      227.7069710982659,
      335.79415722543354
    ],
    "radii_um": [
      0.0,
      5.0,
      10.0,
      15.0,
      20.0,
      25.0,
      30.0,
      35.0,
      40.0
    ],
    "radii_px": [
      0.0,
      13.199577613516366,
      26.399155227032733,
      39.5987328405491,
      52.798310454065465,
      65.99788806758183,
      79.1974656810982,
      92.39704329461456,
      105.59662090813093
    ]
  },
  "344": {
    "center_y_px": 50.57142857142857,
    "center_x_px": 586.2197802197802,
    "centroid_um": [
      0.0,
      19.156457142857143,
      222.06005274725277
    ],
    "radii_um": [
      0.0,
      5.0,
      10.0,
      15.0,
      20.0,
      25.0,
      30.0,
      35.0,
      40.0
    ],
    "radii_px": [
      0.0,
      13.199577613516366,
      26.399155227032733,
      39.5987328405491,
      52.798310454065465,
      65.99788806758183,
      79.1974656810982,
      92.39704329461456,
      105.59662090813093
    ]
  },
  "345": {
    "center_y_px": 64.29756097560976,
    "center_x_px": 615.9024390243902,
    "centroid_um": [
      0.0,
      24.35591609756098,
      233.30384390243904
    ],
    "radii_um": [
      0.0,
      5.0,
      10.0,
      15.0,
      20.0,
      25.0,
      30.0,
      35.0,
      40.0
    ],
    "radii_px": [
      0.0,
      13.199577613516366,
      26.399155227032733,
      39.5987328405491,
      52.798310454065465,
      65.99788806758183,
      79.1974656810982,
      92.39704329461456,
      105.59662090813093
    ]
  },
  "474": {
    "center_y_px": 60.723247232472325,
    "center_x_px": 591.1291512915129,
    "centroid_um": [
      0.0,
      23.001966051660517,
      223.91972250922512
    ],
    "radii_um": [
      0.0,
      5.0,
      10.0,
      15.0,
      20.0,
      25.0,
      30.0,
      35.0,
      40.0
    ],