label,skeleton_length_um,skeleton_pixels,nuclear_area_um2,centroid_y_um,centroid_x_um,territory_area_um2,gfap_threshold,n_branches,total_branch_length_um,n_endpoints,n_junctions,mean_branch_length_um,tortuosity_mean,tortuosity_max,tortuosity_std,ramification_index,termination_index,branch_length_median_um,branch_length_p25_um,branch_length_p75_um,branch_length_std_um,branch_length_cv,n_connected_components
83,25.0008,66,25.39763088,260.4988338983051,317.02991864406783,4824.401951680001,65.244140625,6,29.080306533100142,3,3,4.84671775551669,1.0904923428679119,1.169111846633618,0.04811546199815828,2.0,1.0,4.4615725358481075,2.452682170497125,6.8520506089183035,2.855831840533406,0.5892300696245013,1
115,9.47,25,21.666905440000004,222.71683973509934,259.4303364238411,86918.29781168001,23.9921875,4,10.438345071696215,5,1,2.609586267924054,1.0715596933919271,1.1320634593268821,0.0557050038508217,4.0,5.0,2.63256434099425,1.1823561461403926,4.05979446277791,2.045065453763253,0.7836742087818075,2
147,17.803600000000003,47,46.49057856,247.65686790123456,313.55871481481483,12410.975623360002,26.76953125,8,19.55646555883086,7,3,2.4445581948538573,1.0554069009240923,1.1035533905932788,0.031862775141100357,2.6666666666666665,2.3333333333333335,2.3647122922807853,1.7668040974269288,3.279216389707714,1.3912046066066135,0.569102674477252,2
148,20.0764,53,36.733296640000006,273.1148,303.9648046875,8777.2490448,64.98828125,3,23.93401063052707,3,1,7.978003543509023,1.0779188622966844,1.082842712474616,0.0059938112059669405,3.0,3.0,9.772657363976998,6.937232779415428,9.916101217836605,3.3599470122179085,0.4211513562126194,1
154,8.7124,23,17.792690560000004,339.8844096774194,238.0238677419355,37528.658605920005,29.326171875,5,9.58883277941543,4,2,1.917766555883086,1.092225463693139,1.1910895566047022,0.07593596204272092,2.5,2.0,1.450208194853857,1.450208194853857,2.429704097426929,1.0668026817009117,0.5562734830411485,1
