label,skeleton_length_um,skeleton_pixels,nuclear_area_um2,centroid_y_um,centroid_x_um,territory_area_um2,gfap_threshold,n_branches,total_branch_length_um,n_endpoints,n_junctions,mean_branch_length_um,tortuosity_mean,tortuosity_max,tortuosity_std,ramification_index,termination_index,branch_length_median_um,branch_length_p25_um,branch_length_p75_um,branch_length_std_um,branch_length_cv,n_connected_components
62,6.4396,17,21.666905440000004,179.46841589403974,371.8636953642384,6389.154294880001,74.208984375,1,7.786745071696215,2,0,7.786745071696215,1.0587058461144536,1.0587058461144536,,1.0,,7.786745071696215,7.786745071696215,7.786745071696215,,,1
75,21.2128,56,19.80154272,260.39480579710147,317.3355826086957,6915.04309248,61.259765625,5,23.972081948538573,4,2,4.794416389707715,1.0764725790563934,1.122586504196697,0.031670876842372984,2.5,2.0,4.637512292280785,4.323704097426929,5.173216389707715,2.8499911545108185,0.5944396403760343,1
104,8.3336,22,18.940606080000002,222.81188181818186,259.5755696969697,71440.5223872,26.619140625,3,9.145040974269286,3,1,3.048346991423095,1.077250218516925,1.103553390593279,0.027592262723689188,3.0,3.0,3.3442081948538576,2.5866081948538575,3.6580163897077145,1.1016196751926797,0.36138263730875264,1
116,15.152000000000001,40,31.854655680000004,348.623972972973,246.54761081081085,6544.2663795200015,27.802734375,3,17.126761461403927,3,1,5.708920487134642,1.1288185363094498,1.3158515635343329,0.16577770586293608,3.0,3.0,2.6785204871346426,2.1753122922807857,7.727328681988499,6.14104055609333,1.075692080478699,1
134,17.4248,46,16.501285600000003,158.41086608695653,385.5393460869565,17618.49437984,34.423828125,1,20.184081948538562,2,0,20.184081948538562,1.1558981356245368,1.1558981356245368,,1.0,,20.184081948538562,20.184081948538562,20.184081948538562,,,1
139,35.607200000000006,94,35.29840224000001,273.279562601626,303.81915772357723,7731.211027200002,58.04296875,7,42.889780286784855,2,4,6.127111469540694,1.0799134197990135,1.1461930220140326,0.0442737159862415,1.75,0.5,3.9718245845615714,3.8149204871346427,7.0022245845615725,3.6704712082616773,0.5990540936799419,1
145,14.773200000000001,39,18.940606080000002,339.7262060606061,238.07006060606062,31101.049141120006,15.984375,3,16.43415326655007,3,1,5.478051088850023,1.1230028069927733,1.243914161569868,0.10502181030473255,3.0,3.0,2.429704097426929,2.050904097426929,7.381024584561571,5.94806682397408,1.085799808636455,1
