label,skeleton_length_um,skeleton_pixels,nuclear_area_um2,centroid_y_um,centroid_x_um,territory_area_um2,gfap_threshold,n_branches,total_branch_length_um,n_endpoints,n_junctions,mean_branch_length_um,tortuosity_mean,tortuosity_max,tortuosity_std,ramification_index,termination_index,branch_length_median_um,branch_length_p25_um,branch_length_p75_um,branch_length_std_um,branch_length_cv,n_connected_components
79,10.2276,27,20.088521600000004,109.06734285714288,101.00160857142859,78716.58491072,61.5234375,5,11.731649169123141,4,2,2.3463298338246283,1.0747103634880713,1.1656854249492348,0.06040030600870381,2.5,2.0,1.9859122922807855,1.829008194853857,3.1223122922807853,1.0227564570677246,0.4358962846244781,1
169,103.4124,273,47.495004640000005,277.0115190332326,59.770291238670694,5410.699803520001,117.041015625,28,120.51494661953521,14,14,4.304105236411972,1.0847879364191304,1.3707202169382513,0.08027288174320377,2.0,1.0,2.586608194853857,1.7993000000000001,5.4965424140644465,4.42450752033381,1.0279738243626704,1
179,144.7016,382,33.7200184,306.731285106383,85.77482723404256,46500.19235248001,97.119140625,38,165.85673266550072,16,20,4.36465085961844,1.0914480439823069,1.2310542503997282,0.05994493984654794,1.9,0.8,2.9329122922807858,2.0413862679240533,5.4085725358481085,3.580432650371754,0.8203250994249647,1
224,20.0764,53,37.594233280000005,267.00050534351146,77.0525465648855,12218.269305440002,86.82421875,7,22.364969656257784,5,3,3.1949956651796834,1.1189459174186607,1.2917242151642827,0.09164839374691243,2.3333333333333335,1.6666666666666667,3.1223122922807853,0.9145040974269285,5.09476434099425,2.480354072367787,0.7763247066027849,1
237,31.440400000000004,83,50.79526176,261.8460350282486,70.12508248587571,7613.836665280001,99.72265625,8,37.74348438421178,7,3,4.717935548026473,1.0464526703253683,1.0796691275336334,0.03948899273949411,2.6666666666666665,2.3333333333333335,2.3647122922807853,1.0809260243567322,5.124472535848107,5.7884906546678065,1.2269117701468284,2
