{
  "5": {
    "center_y_px": 15.202479338842975,
    "center_x_px": 509.5123966942149,
    "centroid_um": [
      0.0,
      5.75869917355372,
      193.0032958677686
    ],
    "radii_um": [
      0.0,
      5.0,
      10.0,
      15.0,
      20.0,
      25.0,
      30.0,
      35.0,
      40.0,
      45.0,
      50.0,
      55.0,
      60.0,
      65.0,
      70.0,
      75.0,
      80.0
    ],
    "radii_px": [
      0.0,
      13.199577613516366,
      26.399155227032733,
      39.5987328405491,
      52.798310454065465,
      65.99788806758183,
      79.1974656810982,
      92.39704329461456,
      105.59662090813093,
      118.7961985216473,
      131.99577613516365,
      145.19535374868002,
      158.3949313621964,
      171.59450897571276,
      184.79408658922912,
      197.9936642027455,
      211.19324181626186
    ]
  },
  "8": {
    "center_y_px": 24.856060606060606,
    "center_x_px": 523.0,
    "centroid_um": [
      0.0,
      9.415475757575757,
      198.1124
    ],
    "radii_um": [
      0.0,
      5.0,
      10.0,
      15.0,
      20.0,
      25.0,
      30.0,
      35.0,
      40.0,
      45.0,
      50.0,
      55.0,
      60.0,
      65.0,
      70.0,
      75.0,
      80.0
    ],
    "radii_px": [
      0.0,
      13.199577613516366,
      26.399155227032733,
      39.5987328405491,
      52.798310454065465,
      65.99788806758183,
      79.1974656810982,
      92.39704329461456,
      105.59662090813093,
      118.7961985216473,
      131.99577613516365,
      145.19535374868002,
      158.3949313621964,
      171.59450897571276,
      184.79408658922912,
      197.9936642027455,
      211.19324181626186
    ]
  },
  "10": {
    "center_y_px": 42.422222222222224,
    "center_x_px": 567.9777777777778,
    "centroid_um": [
      0.0,
      16.06953777777778,
      215.14998222222223
    ],
    "radii_um": [
      0.0,
      5.0,
      10.0,
      15.0,
      20.0,
      25.0,
      30.0,
      35.0,
      40.0,
      45.0,
      50.0,
      55.0,
      60.0,
      65.0,
      70.0,
      75.0,
      80.0
    ],
    "radii_px": [
      0.0,
      13.199577613516366,
      26.399155227032733,
      39.5987328405491,
      52.798310454065465,
      65.99788806758183,
      79.1974656810982,
      92.39704329461456,
      105.59662090813093,
      118.7961985216473,
      131.99577613516365,
      145.19535374868002,
      158.3949313621964,
      171.59450897571276,
      184.79408658922912,
      197.9936642027455,
      211.19324181626186
    ]
  },
  "30": {
    "center_y_px": 238.1497584541063,
    "center_x_px": 654.6135265700483,
    "centroid_um": [
      0.0,
      90.21112850241546,
      247.96760386473431
    ],
    "radii_um": [
      0.0,
      5.0,
      10.0,
      15.0,
      20.0,
      25.0,
      30.0,
      35.0,
      40.0,
      45.0,
      50.0,
      55.0,
      60.0,
      65.0,
      70.0,
      75.0,
      80.0
    ],
    "radii_px": [
      0.0,
      13.199577613516366,
      26.399155227032733,
      39.5987328405491,
      52.798310454065465,
      65.99788806758183,
      79.1974656810982,
      92.39704329461456,
      105.59662090813093,
      118.7961985216473,
      131.99577613516365,
      145.19535374868002,
      158.3949313621964,
      171.59450897571276,
      184.79408658922912,
      197.9936642027455,
      211.19324181626186
    ]
  },
  "33": {
    "center_y_px": 271.0722433460076,
    "center_x_px": 517.1825095057035,
    "centroid_um": [
      0.0,
      102.6821657794677,
      195.90873460076048
    ],
    "radii_um": [
      0.0,
      5.0,
      10.0,
      15.0,
      20.0,
      25.0,
      30.0,
      35.0,
      40.0,
      45.0,
      50.0,
      55.0,
      60.0,
      65.0,
      70.0,
      75.0,
      80.0
    ],
    "radii_px": [
      0.0,
      13.199577613516366,
      26.399155227032733,
      39.5987328405491,
      52.798310454065465,
      65.99788806758183,
      79.1974656810982,
      92.39704329461456,
      105.59662090813093,
      118.7961985216473,
      131.99577613516365,
      145.19535374868002,
      158.3949313621964,
      171.59450897571276,
      184.79408658922912,
      197.9936642027455,
      211.19324181626186
    ]
  },
  "40": {
    "center_y_px": 349.1777777777778,
    "center_x_px": 758.8044444444445,
    "centroid_um": [
      0.0,
      132.26854222222224,
      287.4351235555556
    ],
    "radii_um": [
      0.0,
      5.0,
      10.0,
      15.0,
      20.0,
      25.0,
      30.0,
      35.0,
      40.0,
      45.0,
      50.0,
      55.0,
      60.0,
      65.0,
      70.0,
      75.0,
      80.0
    ],
    "radii_px": [
      0.0,
      13.199577613516366,
      26.399155227032733,
      39.5987328405491,
      52.798310454065465,
      65.99788806758183,
      79.1974656810982,
      92.39704329461456,
      105.59662090813093,
      118.7961985216473,
      131.99577613516365,
      145.19535374868002,
      158.3949313621964,
      171.59450897571276,
      184.79408658922912,
      197.9936642027455,
      211.19324181626186
    ]
  },
  "42": {
    "center_y_px": 355.82042253521126,
    "center_x_px": 785.6021126760563,
    "centroid_um": [
      0.0,
      134.78477605633805,
      297.58608028169016
    ],
    "radii_um": [
      0.0,
      5.0,
      10.0,
      15.0,
      20.0,
      25.0,
      30.0,
      35.0,
      40.0,
      45.0,
      50.0,
      55.0,
      60.0,
      65.0,
      70.0,
      75.0,
      80.0
    ],
    "radii_px": [
      0.0,
      13.199577613516366,
      26.399155227032733,
      39.5987328405491,
      52.798310454065465,
      65.99788806758183,
      79.1974656810982,
      92.39704329461456,
      105.59662090813093,
      118.7961985216473,
      131.99577613516365,
      145.19535374868002,
      158.3949313621964,
      171.59450897571276,
      184.79408658922912,
      197.9936642027455,
      211.19324181626186
    ]
  },
  "45": {
    "center_y_px": 364.646017699115,
    "center_x_px": 775.0575221238938,
    "centroid_um": [
      0.0,
      138.1279115044248,
      293.591789380531
    ],
    "radii_um": [
      0.0,
      5.0,
      10.0,
      15.0,
      20.0,
      25.0,
      30.0,
      35.0,
      40.0,
      45.0,
      50.0,
      55.0,
      60.0,
      65.0,
      70.0,
      75.0,
      80.0
    ],
    "radii_px": [
      0.0,
      13.199577613516366,
      26.399155227032733,
      39.5987328405491,
      52.798310454065465,
      65.99788806758183,
      79.1974656810982,
      92.39704329461456,
      105.59662090813093,
      118.7961985216473,
      131.99577613516365,
      145.19535374868002,
      158.3949313621964,
      171.59450897571276,
      184.79408658922912,
      197.9936642027455,
      211.19324181626186
    ]
  },
  "46": {
    "center_y_px": 398.2395833333333,
    "center_x_px": 834.1354166666666,
    "centroid_um": [
      0.0,
      150.85315416666666,
      315.97049583333336
    ],
    "radii_um": [
      0.0,
      5.0,
      10.0,
      15.0,
      20.0,
      25.0,
      30.0,
      35.0,
      40.0,
      45.0,
      50.0,
      55.0,
      60.0,
      65.0,
      70.0,
      75.0,
      80.0
    ],
    "radii_px": [
      0.0,
      13.199577613516366,
      26.399155227032733,
      39.5987328405491,
      52.798310454065465,
      65.99788806758183,
      79.1974656810982,
      92.39704329461456,
      105.59662090813093,
      118.7961985216473,
      131.99577613516365,
      145.19535374868002,
      158.3949313621964,
      171.59450897571276,
      184.79408658922912,
      197.9936642027455,
      211.19324181626186
    ]
  },
  "51": {
    "center_y_px": 461.1948051948052,
    "center_x_px": 876.4675324675325,
    "centroid_um": [
      0.0,
      174.70059220779223,
      332.0059012987013
    ],