{
  "5": {
    "center_y_px": 15.202479338842975,
    "center_x_px": 509.5123966942149,
    "centroid_um": [
      0.0,
      5.75869917355372,
      193.0032958677686
    ],
    "radii_um": [
      0.0,
      5.0,
      10.0,
      15.0,
      20.0,
      25.0,
      30.0,
      35.0,
      40.0
    ],
    "radii_px": [
      0.0,
      13.199577613516366,
      26.399155227032733,
      39.5987328405491,
      52.798310454065465,
      65.99788806758183,
      79.1974656810982,
      92.39704329461456,
      105.59662090813093
    ]
  },
  "8": {
    "center_y_px": 24.856060606060606,
    "center_x_px": 523.0,
    "centroid_um": [
      0.0,
      9.415475757575757,
      198.1124
    ],
    "radii_um": [
      0.0,
      5.0,
      10.0,
      15.0,
      20.0,
      25.0,
      30.0,
      35.0,
      40.0
    ],
    "radii_px": [
      0.0,
      13.199577613516366,
      26.399155227032733,
      39.5987328405491,
      52.798310454065465,
      65.99788806758183,
      79.1974656810982,
      92.39704329461456,
      105.59662090813093
    ]
  },
  "9": {
    "center_y_px": 42.40221402214022,
    "center_x_px": 568.0073800738007,
    "centroid_um": [
      0.0,
      16.061958671586716,
      215.16119557195574
    ],
    "radii_um": [
      0.0,
      5.0,
      10.0,
      15.0,
      20.0,
      25.0,
      30.0,
      35.0,
      40.0
    ],
    "radii_px": [
      0.0,
      13.199577613516366,
      26.399155227032733,
      39.5987328405491,
      52.798310454065465,
      65.99788806758183,
      79.1974656810982,
      92.39704329461456,
      105.59662090813093
    ]
  },
  "30": {
    "center_y_px": 238.1497584541063,
    "center_x_px": 654.6135265700483,
    "centroid_um": [
      0.0,
      90.21112850241546,
      247.96760386473431
    ],
    "radii_um": [
      0.0,
      5.0,
      10.0,
      15.0,
      20.0,
      25.0,
      30.0,
      35.0,
      40.0
    ],
    "radii_px": [
      0.0,
      13.199577613516366,
      26.399155227032733,
      39.5987328405491,
      52.798310454065465,
      65.99788806758183,
      79.1974656810982,
      92.39704329461456,
      105.59662090813093
    ]
  },
  "40": {
    "center_y_px": 349.1777777777778,
    "center_x_px": 758.8044444444445,
    "centroid_um": [
      0.0,
      132.26854222222224,
      287.4351235555556
    ],
    "radii_um": [
      0.0,
      5.0,
      10.0,
      15.0,
      20.0,
      25.0,
      30.0,
      35.0,
      40.0
    ],
    "radii_px": [
      0.0,
      13.199577613516366,
      26.399155227032733,
      39.5987328405491,
      52.798310454065465,
      65.99788806758183,
      79.1974656810982,
      92.39704329461456,
      105.59662090813093
    ]
  },
  "42": {
    "center_y_px": 355.8551236749117,
    "center_x_px": 785.6042402826855,
    "centroid_um": [
      0.0,
      134.79792084805655,
      297.5868862190813
    ],
    "radii_um": [
      0.0,
      5.0,
      10.0,
      15.0,
      20.0,
      25.0,
      30.0,
      35.0,
      40.0
    ],
    "radii_px": [
      0.0,
      13.199577613516366,
      26.399155227032733,
      39.5987328405491,
      52.798310454065465,
      65.99788806758183,
      79.1974656810982,
      92.39704329461456,
      105.59662090813093
    ]
  },
  "45": {
    "center_y_px": 364.646017699115,
    "center_x_px": 775.0575221238938,
    "centroid_um": [
      0.0,
      138.1279115044248,
      293.591789380531
    ],
    "radii_um": [
      0.0,
      5.0,
      10.0,
      15.0,
      20.0,
      25.0,
      30.0,
      35.0,
      40.0
    ],
    "radii_px": [
      0.0,
      13.199577613516366,
      26.399155227032733,
      39.5987328405491,
      52.798310454065465,
      65.99788806758183,
      79.1974656810982,
      92.39704329461456,
      105.59662090813093
    ]
  },
  "46": {
    "center_y_px": 398.2395833333333,
    "center_x_px": 834.1354166666666,
    "centroid_um": [
      0.0,
      150.85315416666666,
      315.97049583333336
    ],
    "radii_um": [
      0.0,
      5.0,
      10.0,
      15.0,
      20.0,
      25.0,
      30.0,
      35.0,
      40.0
    ],
    "radii_px": [
      0.0,
      13.199577613516366,
      26.399155227032733,
      39.5987328405491,
      52.798310454065465,
      65.99788806758183,
      79.1974656810982,
      92.39704329461456,
      105.59662090813093
    ]
  },
  "51": {
    "center_y_px": 461.2155172413793,
    "center_x_px": 876.4439655172414,
    "centroid_um": [
      0.0,
      174.7084379310345,
      331.9969741379311
    ],
    "radii_um": [
      0.0,
      5.0,
      10.0,
      15.0,
      20.0,
      25.0,
      30.0,
      35.0,
      40.0
    ],
    "radii_px": [
      0.0,
      13.199577613516366,
      26.399155227032733,
      39.5987328405491,
      52.798310454065465,
      65.99788806758183,
      79.1974656810982,
      92.39704329461456,
      105.59662090813093
    ]
  },
  "54": {
    "center_y_px": 508.3820224719101,
    "center_x_px": 947.1797752808989,
    "centroid_um": [
      0.0,
      192.57511011235957,
      358.7916988764045
    ],
    "radii_um": [
      0.0,
      5.0,
      10.0,
      15.0,
      20.0,
      25.0,
      30.0,
      35.0,
      40.0
    ],
    "radii_px": [
      0.0,
      13.199577613516366,
      26.399155227032733,
      39.5987328405491,
      52.798310454065465,
      65.99788806758183,
      79.1974656810982,
      92.39704329461456,
      105.59662090813093
    ]
  },
  "57": {
    "center_y_px": 538.2344497607655,
    "center_x_px": 982.5167464114833,
    "centroid_um": [
      0.0,
      203.88320956937798,
      372.1773435406699
    ],
    "radii_um": [
      0.0,
      5.0,
      10.0,
      15.0,
      20.0,
      25.0,
      30.0,
      35.0,
      40.0
    ],
    "radii_px": [
      0.0,
      13.199577613516366,
      26.399155227032733,
      39.5987328405491,
      52.798310454065465,
      65.99788806758183,
      79.1974656810982,
      92.39704329461456,
      105.59662090813093
    ]
  },
  "129": {
    "center_y_px": 203.6555023923445,
    "center_x_px": 632.8181818181819,
    "centroid_um": [
      0.0,
      77.14470430622009,
      239.7115272727273
    ],
    "radii_um": [
      0.0,
      5.0,
      10.0,
      15.0,
      20.0,
      25.0,
      30.0,
      35.0,
      40.0
    ],
    "radii_px": [
      0.0,
      13.199577613516366,
      26.399155227032733,
      39.5987328405491,
      52.798310454065465,
      65.99788806758183,
      79.1974656810982,
      92.39704329461456,
      105.59662090813093
    ]
  },
  "143": {
    "center_y_px": 152.10270270270271,
    "center_x_px": 630.272972972973,
    "centroid_um": [
      0.0,
      57.61650378378379,
      238.7474021621622
    ],
    "radii_um": [
      0.0,
      5.0,
      10.0,
      15.0,
      20.0,
      25.0,
      30.0,
      35.0,
      40.0
    ],
    "radii_px": [
      0.0,
      13.199577613516366,
      26.399155227032733,
      39.5987328405491,
      52.798310454065465,
      65.99788806758183,
      79.1974656810982,
      92.39704329461456,
      105.59662090813093
    ]
  },
  "154": {
    "center_y_px": 523.8531746031746,
    "center_x_px": 975.1626984126984,
    "centroid_um": [
      0.0,
      198.43558253968254,
      369.3916301587302
    ],
    "radii_um": [
      0.0,
      5.0,
      10.0,
      15.0,
      20.0,
      25.0,
      30.0,
      35.0,
      40.0
    ],
    "radii_px": [
      0.0,
      13.199577613516366,
      26.399155227032733,
      39.5987328405491,
      52.798310454065465,
      65.99788806758183,
      79.1974656810982,
      92.39704329461456,
      105.59662090813093
    ]
  },
  "202": {
    "center_y_px": 93.70700636942675,
    "center_x_px": 452.3503184713376,
    "centroid_um": [
      0.0,
      35.496214012738854,
      171.35030063694268
    ],
    "radii_um": [
      0.0,
      5.0,
      10.0,
      15.0,
      20.0,
      25.0,
      30.0,
      35.0,
      40.0
    ],