{
  "1": {
    "center_y_px": 5.706896551724138,
    "center_x_px": 256.91379310344826,
    "centroid_um": [
      0.0,
      2.1617724137931034,
      97.31894482758621
    ],
    "radii_um": [
      0.0,
      5.0,
      10.0,
      15.0,
      20.0,
      25.0,
      30.0,
      35.0,
      40.0
    ],
    "radii_px": [
      0.0,
      13.199577613516366,
      26.399155227032733,
      39.5987328405491,
      52.798310454065465,
      65.99788806758183,
      79.1974656810982,
      92.39704329461456,
      105.59662090813093
    ]
  },
  "4": {
    "center_y_px": 12.76878612716763,
    "center_x_px": 248.77456647398844,
    "centroid_um": [
      0.0,
      4.836816184971099,
      94.23580578034682
    ],
    "radii_um": [
      0.0,
      5.0,
      10.0,
      15.0,
      20.0,
      25.0,
      30.0,
      35.0,
      40.0
    ],
    "radii_px": [
      0.0,
      13.199577613516366,
      26.399155227032733,
      39.5987328405491,
      52.798310454065465,
      65.99788806758183,
      79.1974656810982,
      92.39704329461456,
      105.59662090813093
    ]
  },
  "5": {
    "center_y_px": 10.429268292682927,
    "center_x_px": 379.5853658536585,
    "centroid_um": [
      0.0,
      3.950606829268293,
      143.78693658536585
    ],
    "radii_um": [
      0.0,
      5.0,
      10.0,
      15.0,
      20.0,
      25.0,
      30.0,
      35.0,
      40.0
    ],
    "radii_px": [
      0.0,
      13.199577613516366,
      26.399155227032733,
      39.5987328405491,
      52.798310454065465,
      65.99788806758183,
      79.1974656810982,
      92.39704329461456,
      105.59662090813093
    ]
  },
  "8": {
    "center_y_px": 53.273972602739725,
    "center_x_px": 246.24657534246575,
    "centroid_um": [
      0.0,
      20.18018082191781,
      93.27820273972603
    ],
    "radii_um": [
      0.0,
      5.0,
      10.0,
      15.0,
      20.0,
      25.0,
      30.0,
      35.0,
      40.0
    ],
    "radii_px": [
      0.0,
      13.199577613516366,
      26.399155227032733,
      39.5987328405491,
      52.798310454065465,
      65.99788806758183,
      79.1974656810982,
      92.39704329461456,
      105.59662090813093
    ]
  },
  "9": {
    "center_y_px": 64.22519083969466,
    "center_x_px": 251.08778625954199,
    "centroid_um": [
      0.0,
      24.32850229007634,
      95.1120534351145
    ],
    "radii_um": [
      0.0,
      5.0,
      10.0,
      15.0,
      20.0,
      25.0,
      30.0,
      35.0,
      40.0
    ],
    "radii_px": [
      0.0,
      13.199577613516366,
      26.399155227032733,
      39.5987328405491,
      52.798310454065465,
      65.99788806758183,
      79.1974656810982,
      92.39704329461456,
      105.59662090813093
    ]
  },
  "11": {
    "center_y_px": 79.46268656716418,
    "center_x_px": 256.25373134328356,
    "centroid_um": [
      0.0,
      30.100465671641796,
      97.06891343283581
    ],
    "radii_um": [
      0.0,
      5.0,
      10.0,
      15.0,
      20.0,
      25.0,
      30.0,
      35.0,
      40.0
    ],
    "radii_px": [
      0.0,
      13.199577613516366,
      26.399155227032733,
      39.5987328405491,
      52.798310454065465,
      65.99788806758183,
      79.1974656810982,
      92.39704329461456,
      105.59662090813093
    ]
  },
  "17": {
    "center_y_px": 135.01960784313727,
    "center_x_px": 260.8692810457516,
    "centroid_um": [
      0.0,
      51.1454274509804,
      98.81728366013073
    ],
    "radii_um": [
      0.0,
      5.0,
      10.0,
      15.0,
      20.0,
      25.0,
      30.0,
      35.0,
      40.0
    ],
    "radii_px": [
      0.0,
      13.199577613516366,
      26.399155227032733,
      39.5987328405491,
      52.798310454065465,
      65.99788806758183,
      79.1974656810982,
      92.39704329461456,
      105.59662090813093
    ]
  },
  "19": {
    "center_y_px": 181.57272727272726,
    "center_x_px": 260.8545454545455,
    "centroid_um": [
      0.0,
      68.77974909090909,
      98.81170181818183
    ],
    "radii_um": [
      0.0,
      5.0,
      10.0,
      15.0,
      20.0,
      25.0,
      30.0,
      35.0,
      40.0
    ],
    "radii_px": [
      0.0,
      13.199577613516366,
      26.399155227032733,
      39.5987328405491,
      52.798310454065465,
      65.99788806758183,
      79.1974656810982,
      92.39704329461456,
      105.59662090813093
    ]
  },
  "24": {
    "center_y_px": 274.9848484848485,
    "center_x_px": 255.36363636363637,
    "centroid_um": [
      0.0,
      104.16426060606062,
      96.73174545454546
    ],
    "radii_um": [
      0.0,
      5.0,
      10.0,
      15.0,
      20.0,
      25.0,
      30.0,
      35.0,
      40.0
    ],
    "radii_px": [
      0.0,
      13.199577613516366,
      26.399155227032733,
      39.5987328405491,
      52.798310454065465,
      65.99788806758183,
      79.1974656810982,
      92.39704329461456,
      105.59662090813093
    ]
  },
  "40": {
    "center_y_px": 495.46060606060604,
    "center_x_px": 378.56363636363636,
    "centroid_um": [
      0.0,
      187.68047757575758,
      143.39990545454546
    ],
    "radii_um": [
      0.0,
      5.0,
      10.0,
      15.0,
      20.0,
      25.0,
      30.0,
      35.0,
      40.0
    ],
    "radii_px": [
      0.0,
      13.199577613516366,
      26.399155227032733,
      39.5987328405491,
      52.798310454065465,
      65.99788806758183,
      79.1974656810982,
      92.39704329461456,
      105.59662090813093
    ]
  },
  "48": {
    "center_y_px": 557.1097046413502,
    "center_x_px": 218.41772151898735,
    "centroid_um": [
      0.0,
      211.03315611814347,
      82.73663291139242
    ],
    "radii_um": [
      0.0,
      5.0,
      10.0,
      15.0,
      20.0,
      25.0,
      30.0,
      35.0,
      40.0
    ],
    "radii_px": [
      0.0,
      13.199577613516366,
      26.399155227032733,
      39.5987328405491,
      52.798310454065465,
      65.99788806758183,
      79.1974656810982,
      92.39704329461456,
      105.59662090813093
    ]
  },
  "61": {
    "center_y_px": 657.8173913043478,
    "center_x_px": 236.89565217391305,
    "centroid_um": [
      0.0,
      249.18122782608697,
      89.73607304347827
    ],
    "radii_um": [
      0.0,
      5.0,
      10.0,
      15.0,
      20.0,
      25.0,
      30.0,
      35.0,
      40.0
    ],
    "radii_px": [
      0.0,
      13.199577613516366,
      26.399155227032733,
      39.5987328405491,
      52.798310454065465,
      65.99788806758183,
      79.1974656810982,
      92.39704329461456,
      105.59662090813093
    ]
  },
  "69": {
    "center_y_px": 751.1176470588235,
    "center_x_px": 345.56470588235294,
    "centroid_um": [
      0.0,
      284.5233647058824,
      130.89991058823531
    ],
    "radii_um": [
      0.0,
      5.0,
      10.0,
      15.0,
      20.0,
      25.0,
      30.0,
      35.0,
      40.0
    ],
    "radii_px": [
      0.0,
      13.199577613516366,
      26.399155227032733,
      39.5987328405491,
      52.798310454065465,
      65.99788806758183,
      79.1974656810982,
      92.39704329461456,
      105.59662090813093
    ]
  },
  "71": {
    "center_y_px": 819.2202380952381,
    "center_x_px": 221.1845238095238,
    "centroid_um": [
      0.0,
      310.3206261904762,
      83.78469761904762
    ],
    "radii_um": [
      0.0,
      5.0,
      10.0,
      15.0,
      20.0,
      25.0,
      30.0,
      35.0,
      40.0
    ],
    "radii_px": [
      0.0,
      13.199577613516366,
      26.399155227032733,
      39.5987328405491,
      52.798310454065465,
      65.99788806758183,
      79.1974656810982,
      92.39704329461456,
      105.59662090813093
    ]
  },
  "77": {
    "center_y_px": 882.6201117318436,
    "center_x_px": 232.10614525139664,
    "centroid_um": [
      0.0,
      334.3364983240224,
      87.92180782122905
    ],
    "radii_um": [
      0.0,
      5.0,
      10.0,
      15.0,
      20.0,
      25.0,
      30.0,
      35.0,
      40.0
    ],