{
  "3": {
    "center_y_px": 11.218623481781377,
    "center_x_px": 226.20242914979758,
    "centroid_um": [
      0.0,
      4.249614574898786,
      85.68548016194333
    ],
    "radii_um": [
      0.0,
      5.0,
      10.0,
      15.0,
      20.0,
      25.0,
      30.0,
      35.0,
      40.0
    ],
    "radii_px": [
      0.0,
      13.199577613516366,
      26.399155227032733,
      39.5987328405491,
      52.798310454065465,
      65.99788806758183,
      79.1974656810982,
      92.39704329461456,
      105.59662090813093
    ]
  },
  "7": {
    "center_y_px": 21.013793103448275,
    "center_x_px": 273.8137931034483,
    "centroid_um": [
      0.0,
      7.960024827586207,
      103.72066482758622
    ],
    "radii_um": [
      0.0,
      5.0,
      10.0,
      15.0,
      20.0,
      25.0,
      30.0,
      35.0,
      40.0
    ],
    "radii_px": [
      0.0,
      13.199577613516366,
      26.399155227032733,
      39.5987328405491,
      52.798310454065465,
      65.99788806758183,
      79.1974656810982,
      92.39704329461456,
      105.59662090813093
    ]
  },
  "10": {
    "center_y_px": 38.59585492227979,
    "center_x_px": 329.8238341968912,
    "centroid_um": [
      0.0,
      14.620109844559586,
      124.93726839378239
    ],
    "radii_um": [
      0.0,
      5.0,
      10.0,
      15.0,
      20.0,
      25.0,
      30.0,
      35.0,
      40.0
    ],
    "radii_px": [
      0.0,
      13.199577613516366,
      26.399155227032733,
      39.5987328405491,
      52.798310454065465,
      65.99788806758183,
      79.1974656810982,
      92.39704329461456,
      105.59662090813093
    ]
  },
  "22": {
    "center_y_px": 63.194871794871794,
    "center_x_px": 482.2871794871795,
    "centroid_um": [
      0.0,
      23.93821743589744,
      182.69038358974362
    ],
    "radii_um": [
      0.0,
      5.0,
      10.0,
      15.0,
      20.0,
      25.0,
      30.0,
      35.0,
      40.0
    ],
    "radii_px": [
      0.0,
      13.199577613516366,
      26.399155227032733,
      39.5987328405491,
      52.798310454065465,
      65.99788806758183,
      79.1974656810982,
      92.39704329461456,
      105.59662090813093
    ]
  },
  "23": {
    "center_y_px": 81.73160173160173,
    "center_x_px": 556.1904761904761,
    "centroid_um": [
      0.0,
      30.959930735930737,
      210.68495238095238
    ],
    "radii_um": [
      0.0,
      5.0,
      10.0,
      15.0,
      20.0,
      25.0,
      30.0,
      35.0,
      40.0
    ],
    "radii_px": [
      0.0,
      13.199577613516366,
      26.399155227032733,
      39.5987328405491,
      52.798310454065465,
      65.99788806758183,
      79.1974656810982,
      92.39704329461456,
      105.59662090813093
    ]
  },
  "44": {
    "center_y_px": 130.51054852320675,
    "center_x_px": 504.19831223628694,
    "centroid_um": [
      0.0,
      49.43739578059072,
      190.9903206751055
    ],
    "radii_um": [
      0.0,
      5.0,
      10.0,
      15.0,
      20.0,
      25.0,
      30.0,
      35.0,
      40.0
    ],
    "radii_px": [
      0.0,
      13.199577613516366,
      26.399155227032733,
      39.5987328405491,
      52.798310454065465,
      65.99788806758183,
      79.1974656810982,
      92.39704329461456,
      105.59662090813093
    ]
  },
  "64": {
    "center_y_px": 167.69072164948454,
    "center_x_px": 721.7474226804123,
    "centroid_um": [
      0.0,
      63.52124536082475,
      273.39792371134024
    ],
    "radii_um": [
      0.0,
      5.0,
      10.0,
      15.0,
      20.0,
      25.0,
      30.0,
      35.0,
      40.0
    ],
    "radii_px": [
      0.0,
      13.199577613516366,
      26.399155227032733,
      39.5987328405491,
      52.798310454065465,
      65.99788806758183,
      79.1974656810982,
      92.39704329461456,
      105.59662090813093
    ]
  },
  "87": {
    "center_y_px": 224.3508064516129,
    "center_x_px": 858.0524193548387,
    "centroid_um": [
      0.0,
      84.98408548387097,
      325.0302564516129
    ],
    "radii_um": [
      0.0,
      5.0,
      10.0,
      15.0,
      20.0,
      25.0,
      30.0,
      35.0,
      40.0
    ],
    "radii_px": [
      0.0,
      13.199577613516366,
      26.399155227032733,
      39.5987328405491,
      52.798310454065465,
      65.99788806758183,
      79.1974656810982,
      92.39704329461456,
      105.59662090813093
    ]
  },
  "91": {
    "center_y_px": 249.265625,
    "center_x_px": 913.73125,
    "centroid_um": [
      0.0,
      94.42181875,
      346.12139750000006
    ],
    "radii_um": [
      0.0,
      5.0,
      10.0,
      15.0,
      20.0,
      25.0,
      30.0,
      35.0,
      40.0
    ],
    "radii_px": [
      0.0,
      13.199577613516366,
      26.399155227032733,
      39.5987328405491,
      52.798310454065465,
      65.99788806758183,
      79.1974656810982,
      92.39704329461456,
      105.59662090813093
    ]
  },
  "94": {
    "center_y_px": 272.590405904059,
    "center_x_px": 938.1033210332104,
    "centroid_um": [
      0.0,
      103.25724575645756,
      355.3535380073801
    ],
    "radii_um": [
      0.0,
      5.0,
      10.0,
      15.0,
      20.0,
      25.0,
      30.0,
      35.0,
      40.0
    ],
    "radii_px": [
      0.0,
      13.199577613516366,
      26.399155227032733,
      39.5987328405491,
      52.798310454065465,
      65.99788806758183,
      79.1974656810982,
      92.39704329461456,
      105.59662090813093
    ]
  },
  "95": {
    "center_y_px": 271.48214285714283,
    "center_x_px": 993.3630952380952,
    "centroid_um": [
      0.0,
      102.83743571428572,
      376.2859404761905
    ],
    "radii_um": [
      0.0,
      5.0,
      10.0,
      15.0,
      20.0,
      25.0,
      30.0,
      35.0,
      40.0
    ],
    "radii_px": [
      0.0,
      13.199577613516366,
      26.399155227032733,
      39.5987328405491,
      52.798310454065465,
      65.99788806758183,
      79.1974656810982,
      92.39704329461456,
      105.59662090813093
    ]
  },
  "96": {
    "center_y_px": 286.6090909090909,
    "center_x_px": 1010.9151515151515,
    "centroid_um": [
      0.0,
      108.56752363636365,
      382.9346593939394
    ],
    "radii_um": [
      0.0,
      5.0,
      10.0,
      15.0,
      20.0,
      25.0,
      30.0,
      35.0,
      40.0
    ],
    "radii_px": [
      0.0,
      13.199577613516366,
      26.399155227032733,
      39.5987328405491,
      52.798310454065465,
      65.99788806758183,
      79.1974656810982,
      92.39704329461456,
      105.59662090813093
    ]
  },
  "109": {
    "center_y_px": 348.9849246231156,
    "center_x_px": 880.3115577889447,
    "centroid_um": [
      0.0,
      132.1954894472362,
      333.46201809045226
    ],
    "radii_um": [
      0.0,
      5.0,
      10.0,
      15.0,
      20.0,
      25.0,
      30.0,
      35.0,
      40.0
    ],
    "radii_px": [
      0.0,
      13.199577613516366,
      26.399155227032733,
      39.5987328405491,
      52.798310454065465,
      65.99788806758183,
      79.1974656810982,
      92.39704329461456,
      105.59662090813093
    ]
  },
  "122": {
    "center_y_px": 420.0123966942149,
    "center_x_px": 249.64462809917356,
    "centroid_um": [
      0.0,
      159.10069586776862,
      94.56538512396695
    ],
    "radii_um": [
      0.0,
      5.0,
      10.0,
      15.0,
      20.0,
      25.0,
      30.0,
      35.0,
      40.0
    ],
    "radii_px": [
      0.0,
      13.199577613516366,
      26.399155227032733,
      39.5987328405491,
      52.798310454065465,
      65.99788806758183,
      79.1974656810982,
      92.39704329461456,
      105.59662090813093
    ]
  },
  "127": {
    "center_y_px": 432.64387464387465,
    "center_x_px": 652.5840455840456,
    "centroid_um": [
      0.0,
      163.88549971509974,
      247.1988364672365
    ],
    "radii_um": [
      0.0,
      5.0,
      10.0,
      15.0,
      20.0,
      25.0,
      30.0,
      35.0,
      40.0
    ],