{
  "4": {
    "center_y_px": 49.66573816155989,
    "center_x_px": 291.5793871866295,
    "centroid_um": [
      0.0,
      18.813381615598885,
      110.45027186629527
    ],
    "radii_um": [
      0.0,
      5.0,
      10.0,
      15.0,
      20.0,
      25.0,
      30.0,
      35.0,
      40.0,
      45.0,
      50.0,
      55.0,
      60.0,
      65.0,
      70.0,
      75.0,
      80.0
    ],
    "radii_px": [
      0.0,
      13.199577613516366,
      26.399155227032733,
      39.5987328405491,
      52.798310454065465,
      65.99788806758183,
      79.1974656810982,
      92.39704329461456,
      105.59662090813093,
      118.7961985216473,
      131.99577613516365,
      145.19535374868002,
      158.3949313621964,
      171.59450897571276,
      184.79408658922912,
      197.9936642027455,
      211.19324181626186
    ]
  },
  "5": {
    "center_y_px": 65.22535211267606,
    "center_x_px": 276.80281690140845,
    "centroid_um": [
      0.0,
      24.707363380281695,
      104.85290704225353
    ],
    "radii_um": [
      0.0,
      5.0,
      10.0,
      15.0,
      20.0,
      25.0,
      30.0,
      35.0,
      40.0,
      45.0,
      50.0,
      55.0,
      60.0,
      65.0,
      70.0,
      75.0,
      80.0
    ],
    "radii_px": [
      0.0,
      13.199577613516366,
      26.399155227032733,
      39.5987328405491,
      52.798310454065465,
      65.99788806758183,
      79.1974656810982,
      92.39704329461456,
      105.59662090813093,
      118.7961985216473,
      131.99577613516365,
      145.19535374868002,
      158.3949313621964,
      171.59450897571276,
      184.79408658922912,
      197.9936642027455,
      211.19324181626186
    ]
  },
  "7": {
    "center_y_px": 95.73374613003097,
    "center_x_px": 141.73993808049536,
    "centroid_um": [
      0.0,
      36.263943034055735,
      53.69108854489165
    ],
    "radii_um": [
      0.0,
      5.0,
      10.0,
      15.0,
      20.0,
      25.0,
      30.0,
      35.0,
      40.0,
      45.0,
      50.0,
      55.0,
      60.0,
      65.0,
      70.0,
      75.0,
      80.0
    ],
    "radii_px": [
      0.0,
      13.199577613516366,
      26.399155227032733,
      39.5987328405491,
      52.798310454065465,
      65.99788806758183,
      79.1974656810982,
      92.39704329461456,
      105.59662090813093,
      118.7961985216473,
      131.99577613516365,
      145.19535374868002,
      158.3949313621964,
      171.59450897571276,
      184.79408658922912,
      197.9936642027455,
      211.19324181626186
    ]
  },
  "15": {
    "center_y_px": 186.1578947368421,
    "center_x_px": 166.78252234359485,
    "centroid_um": [
      0.0,
      70.5166105263158,
      63.17721946375373
    ],
    "radii_um": [
      0.0,
      5.0,
      10.0,
      15.0,
      20.0,
      25.0,
      30.0,
      35.0,
      40.0,
      45.0,
      50.0,
      55.0,
      60.0,
      65.0,
      70.0,
      75.0,
      80.0
    ],
    "radii_px": [
      0.0,
      13.199577613516366,
      26.399155227032733,
      39.5987328405491,
      52.798310454065465,
      65.99788806758183,
      79.1974656810982,
      92.39704329461456,
      105.59662090813093,
      118.7961985216473,
      131.99577613516365,
      145.19535374868002,
      158.3949313621964,
      171.59450897571276,
      184.79408658922912,
      197.9936642027455,
      211.19324181626186
    ]
  },
  "16": {
    "center_y_px": 175.58620689655172,
    "center_x_px": 440.01149425287355,
    "centroid_um": [
      0.0,
      66.5120551724138,
      166.6763540229885
    ],
    "radii_um": [
      0.0,
      5.0,
      10.0,
      15.0,
      20.0,
      25.0,
      30.0,
      35.0,
      40.0,
      45.0,
      50.0,
      55.0,
      60.0,
      65.0,
      70.0,
      75.0,
      80.0
    ],
    "radii_px": [
      0.0,
      13.199577613516366,
      26.399155227032733,
      39.5987328405491,
      52.798310454065465,
      65.99788806758183,
      79.1974656810982,
      92.39704329461456,
      105.59662090813093,
      118.7961985216473,
      131.99577613516365,
      145.19535374868002,
      158.3949313621964,
      171.59450897571276,
      184.79408658922912,
      197.9936642027455,
      211.19324181626186
    ]
  },
  "17": {
    "center_y_px": 176.3644859813084,
    "center_x_px": 689.4532710280374,
    "centroid_um": [
      0.0,
      66.80686728971963,
      261.16489906542057
    ],
    "radii_um": [
      0.0,
      5.0,
      10.0,
      15.0,
      20.0,
      25.0,
      30.0,
      35.0,
      40.0,
      45.0,
      50.0,
      55.0,
      60.0,
      65.0,
      70.0,
      75.0,
      80.0
    ],
    "radii_px": [
      0.0,
      13.199577613516366,
      26.399155227032733,
      39.5987328405491,
      52.798310454065465,
      65.99788806758183,
      79.1974656810982,
      92.39704329461456,
      105.59662090813093,
      118.7961985216473,
      131.99577613516365,
      145.19535374868002,
      158.3949313621964,
      171.59450897571276,
      184.79408658922912,
      197.9936642027455,
      211.19324181626186
    ]
  },
  "25": {
    "center_y_px": 240.4555765595463,
    "center_x_px": 735.8166351606806,
    "centroid_um": [
      0.0,
      91.08457240075614,
      278.7273413988658
    ],
    "radii_um": [
      0.0,
      5.0,
      10.0,
      15.0,
      20.0,
      25.0,
      30.0,
      35.0,
      40.0,
      45.0,
      50.0,
      55.0,
      60.0,
      65.0,
      70.0,
      75.0,
      80.0
    ],
    "radii_px": [
      0.0,
      13.199577613516366,
      26.399155227032733,
      39.5987328405491,
      52.798310454065465,
      65.99788806758183,
      79.1974656810982,
      92.39704329461456,
      105.59662090813093,
      118.7961985216473,
      131.99577613516365,
      145.19535374868002,
      158.3949313621964,
      171.59450897571276,
      184.79408658922912,
      197.9936642027455,
      211.19324181626186
    ]
  },
  "29": {
    "center_y_px": 282.109375,
    "center_x_px": 772.3203125,
    "centroid_um": [
      0.0,
      106.86303125,
      292.554934375
    ],
    "radii_um": [
      0.0,
      5.0,
      10.0,
      15.0,
      20.0,
      25.0,
      30.0,
      35.0,
      40.0,
      45.0,
      50.0,
      55.0,
      60.0,
      65.0,
      70.0,
      75.0,
      80.0
    ],
    "radii_px": [
      0.0,
      13.199577613516366,
      26.399155227032733,
      39.5987328405491,
      52.798310454065465,
      65.99788806758183,
      79.1974656810982,
      92.39704329461456,
      105.59662090813093,
      118.7961985216473,
      131.99577613516365,
      145.19535374868002,
      158.3949313621964,
      171.59450897571276,
      184.79408658922912,
      197.9936642027455,
      211.19324181626186
    ]
  },
  "33": {
    "center_y_px": 308.8139534883721,
    "center_x_px": 804.2279069767442,
    "centroid_um": [
      0.0,
      116.97872558139535,
      304.6415311627907
    ],
    "radii_um": [
      0.0,
      5.0,
      10.0,
      15.0,
      20.0,
      25.0,
      30.0,
      35.0,
      40.0,
      45.0,
      50.0,
      55.0,
      60.0,
      65.0,
      70.0,
      75.0,
      80.0
    ],
    "radii_px": [
      0.0,
      13.199577613516366,
      26.399155227032733,
      39.5987328405491,
      52.798310454065465,
      65.99788806758183,
      79.1974656810982,
      92.39704329461456,
      105.59662090813093,
      118.7961985216473,
      131.99577613516365,
      145.19535374868002,
      158.3949313621964,
      171.59450897571276,
      184.79408658922912,
      197.9936642027455,
      211.19324181626186
    ]
  },
  "42": {
    "center_y_px": 388.8782287822878,
    "center_x_px": 882.1365313653137,
    "centroid_um": [
      0.0,
      147.30707306273064,
      334.1533180811808
    ],