{
  "48": {
    "center_y_px": 291.35350318471336,
    "center_x_px": 1013.547770700637,
    "centroid_um": [
      0.0,
      110.36470700636943,
      383.93189554140133
    ],
    "radii_um": [
      0.0,
      5.0,
      10.0,
      15.0,
      20.0,
      25.0,
      30.0,
      35.0,
      40.0
    ],
    "radii_px": [
      0.0,
      13.199577613516366,
      26.399155227032733,
      39.5987328405491,
      52.798310454065465,
      65.99788806758183,
      79.1974656810982,
      92.39704329461456,
      105.59662090813093
    ]
  },
  "61": {
    "center_y_px": 340.30131004366814,
    "center_x_px": 939.5676855895197,
    "centroid_um": [
      0.0,
      128.9061362445415,
      355.90823930131006
    ],
    "radii_um": [
      0.0,
      5.0,
      10.0,
      15.0,
      20.0,
      25.0,
      30.0,
      35.0,
      40.0
    ],
    "radii_px": [
      0.0,
      13.199577613516366,
      26.399155227032733,
      39.5987328405491,
      52.798310454065465,
      65.99788806758183,
      79.1974656810982,
      92.39704329461456,
      105.59662090813093
    ]
  },
  "68": {
    "center_y_px": 365.2013888888889,
    "center_x_px": 891.8263888888889,
    "centroid_um": [
      0.0,
      138.33828611111113,
      337.8238361111111
    ],
    "radii_um": [
      0.0,
      5.0,
      10.0,
      15.0,
      20.0,
      25.0,
      30.0,
      35.0,
      40.0
    ],
    "radii_px": [
      0.0,
      13.199577613516366,
      26.399155227032733,
      39.5987328405491,
      52.798310454065465,
      65.99788806758183,
      79.1974656810982,
      92.39704329461456,
      105.59662090813093
    ]
  },
  "76": {
    "center_y_px": 407.1036585365854,
    "center_x_px": 815.2926829268292,
    "centroid_um": [
      0.0,
      154.21086585365856,
      308.8328682926829
    ],
    "radii_um": [
      0.0,
      5.0,
      10.0,
      15.0,
      20.0,
      25.0,
      30.0,
      35.0,
      40.0
    ],
    "radii_px": [
      0.0,
      13.199577613516366,
      26.399155227032733,
      39.5987328405491,
      52.798310454065465,
      65.99788806758183,
      79.1974656810982,
      92.39704329461456,
      105.59662090813093
    ]
  },
  "77": {
    "center_y_px": 409.77358490566036,
    "center_x_px": 835.5320754716981,
    "centroid_um": [
      0.0,
      155.22223396226414,
      316.4995501886793
    ],
    "radii_um": [
      0.0,
      5.0,
      10.0,
      15.0,
      20.0,
      25.0,
      30.0,
      35.0,
      40.0
    ],
    "radii_px": [
      0.0,
      13.199577613516366,
      26.399155227032733,
      39.5987328405491,
      52.798310454065465,
      65.99788806758183,
      79.1974656810982,
      92.39704329461456,
      105.59662090813093
    ]
  },
  "87": {
    "center_y_px": 453.8493150684931,
    "center_x_px": 763.5171232876712,
    "centroid_um": [
      0.0,
      171.91812054794522,
      289.22028630136987
    ],
    "radii_um": [
      0.0,
      5.0,
      10.0,
      15.0,
      20.0,
      25.0,
      30.0,
      35.0,
      40.0
    ],
    "radii_px": [
      0.0,
      13.199577613516366,
      26.399155227032733,
      39.5987328405491,
      52.798310454065465,
      65.99788806758183,
      79.1974656810982,
      92.39704329461456,
      105.59662090813093
    ]
  },
  "88": {
    "center_y_px": 468.4273858921162,
    "center_x_px": 727.5726141078839,
    "centroid_um": [
      0.0,
      177.44029377593364,
      275.6045062240664
    ],
    "radii_um": [
      0.0,
      5.0,
      10.0,
      15.0,
      20.0,
      25.0,
      30.0,
      35.0,
      40.0
    ],
    "radii_px": [
      0.0,
      13.199577613516366,
      26.399155227032733,
      39.5987328405491,
      52.798310454065465,
      65.99788806758183,
      79.1974656810982,
      92.39704329461456,
      105.59662090813093
    ]
  },
  "90": {
    "center_y_px": 474.60759493670884,
    "center_x_px": 712.873417721519,
    "centroid_um": [
      0.0,
      179.7813569620253,
      270.0364506329114
    ],
    "radii_um": [
      0.0,
      5.0,
      10.0,
      15.0,
      20.0,
      25.0,
      30.0,
      35.0,
      40.0
    ],
    "radii_px": [
      0.0,
      13.199577613516366,
      26.399155227032733,
      39.5987328405491,
      52.798310454065465,
      65.99788806758183,
      79.1974656810982,
      92.39704329461456,
      105.59662090813093
    ]
  },
  "92": {
    "center_y_px": 500.1484375,
    "center_x_px": 668.109375,
    "centroid_um": [
      0.0,
      189.45622812500002,
      253.07983125
    ],
    "radii_um": [
      0.0,
      5.0,
      10.0,
      15.0,
      20.0,
      25.0,
      30.0,
      35.0,
      40.0
    ],
    "radii_px": [
      0.0,
      13.199577613516366,
      26.399155227032733,
      39.5987328405491,
      52.798310454065465,
      65.99788806758183,
      79.1974656810982,
      92.39704329461456,
      105.59662090813093
    ]
  },
  "93": {
    "center_y_px": 507.35114503816794,
    "center_x_px": 657.8702290076336,
    "centroid_um": [
      0.0,
      192.18461374045802,
      249.20124274809163
    ],
    "radii_um": [
      0.0,
      5.0,
      10.0,
      15.0,
      20.0,
      25.0,
      30.0,
      35.0,
      40.0
    ],
    "radii_px": [
      0.0,
      13.199577613516366,
      26.399155227032733,
      39.5987328405491,
      52.798310454065465,
      65.99788806758183,
      79.1974656810982,
      92.39704329461456,
      105.59662090813093
    ]
  },
  "104": {
    "center_y_px": 598.3502824858757,
    "center_x_px": 559.2598870056497,
    "centroid_um": [
      0.0,
      226.65508700564973,
      211.84764519774012
    ],
    "radii_um": [
      0.0,
      5.0,
      10.0,
      15.0,
      20.0,
      25.0,
      30.0,
      35.0,
      40.0
    ],
    "radii_px": [
      0.0,
      13.199577613516366,
      26.399155227032733,
      39.5987328405491,
      52.798310454065465,
      65.99788806758183,
      79.1974656810982,
      92.39704329461456,
      105.59662090813093
    ]
  },
  "114": {
    "center_y_px": 654.0043668122271,
    "center_x_px": 459.4759825327511,
    "centroid_um": [
      0.0,
      247.73685414847165,
      174.04950218340613
    ],
    "radii_um": [
      0.0,
      5.0,
      10.0,
      15.0,
      20.0,
      25.0,
      30.0,
      35.0,
      40.0
    ],
    "radii_px": [
      0.0,
      13.199577613516366,
      26.399155227032733,
      39.5987328405491,
      52.798310454065465,
      65.99788806758183,
      79.1974656810982,
      92.39704329461456,
      105.59662090813093
    ]
  },
  "116": {
    "center_y_px": 656.6028169014085,
    "center_x_px": 422.89859154929576,
    "centroid_um": [
      0.0,
      248.72114704225353,
      160.19398647887326
    ],
    "radii_um": [
      0.0,
      5.0,
      10.0,
      15.0,
      20.0,
      25.0,
      30.0,
      35.0,
      40.0
    ],
    "radii_px": [
      0.0,
      13.199577613516366,
      26.399155227032733,
      39.5987328405491,
      52.798310454065465,
      65.99788806758183,
      79.1974656810982,
      92.39704329461456,
      105.59662090813093
    ]
  },
  "119": {
    "center_y_px": 676.0603174603175,
    "center_x_px": 408.02539682539685,
    "centroid_um": [
      0.0,
      256.0916482539683,
      154.56002031746033
    ],
    "radii_um": [
      0.0,
      5.0,
      10.0,
      15.0,
      20.0,
      25.0,
      30.0,
      35.0,
      40.0
    ],
    "radii_px": [
      0.0,
      13.199577613516366,
      26.399155227032733,
      39.5987328405491,
      52.798310454065465,
      65.99788806758183,
      79.1974656810982,
      92.39704329461456,
      105.59662090813093
    ]
  },
  "125": {
    "center_y_px": 713.5481049562683,
    "center_x_px": 293.2040816326531,
    "centroid_um": [
      0.0,
      270.2920221574344,
      111.06570612244899
    ],
    "radii_um": [
      0.0,
      5.0,
      10.0,
      15.0,
      20.0,
      25.0,
      30.0,
      35.0,
      40.0
    ],