{
  "21": {
    "center_y_px": 145.58447488584474,
    "center_x_px": 303.8401826484018,
    "centroid_um": [
      0.0,
      55.14739908675799,
      115.09466118721461
    ],
    "radii_um": [
      0.0,
      5.0,
      10.0,
      15.0,
      20.0,
      25.0,
      30.0,
      35.0,
      40.0,
      45.0,
      50.0,
      55.0,
      60.0,
      65.0,
      70.0,
      75.0,
      80.0
    ],
    "radii_px": [
      0.0,
      13.199577613516366,
      26.399155227032733,
      39.5987328405491,
      52.798310454065465,
      65.99788806758183,
      79.1974656810982,
      92.39704329461456,
      105.59662090813093,
      118.7961985216473,
      131.99577613516365,
      145.19535374868002,
      158.3949313621964,
      171.59450897571276,
      184.79408658922912,
      197.9936642027455,
      211.19324181626186
    ]
  },
  "22": {
    "center_y_px": 139.15254237288136,
    "center_x_px": 376.5974576271187,
    "centroid_um": [
      0.0,
      52.71098305084746,
      142.65511694915256
    ],
    "radii_um": [
      0.0,
      5.0,
      10.0,
      15.0,
      20.0,
      25.0,
      30.0,
      35.0,
      40.0,
      45.0,
      50.0,
      55.0,
      60.0,
      65.0,
      70.0,
      75.0,
      80.0
    ],
    "radii_px": [
      0.0,
      13.199577613516366,
      26.399155227032733,
      39.5987328405491,
      52.798310454065465,
      65.99788806758183,
      79.1974656810982,
      92.39704329461456,
      105.59662090813093,
      118.7961985216473,
      131.99577613516365,
      145.19535374868002,
      158.3949313621964,
      171.59450897571276,
      184.79408658922912,
      197.9936642027455,
      211.19324181626186
    ]
  },
  "24": {
    "center_y_px": 144.3089430894309,
    "center_x_px": 286.8658536585366,
    "centroid_um": [
      0.0,
      54.66422764227643,
      108.66478536585367
    ],
    "radii_um": [
      0.0,
      5.0,
      10.0,
      15.0,
      20.0,
      25.0,
      30.0,
      35.0,
      40.0,
      45.0,
      50.0,
      55.0,
      60.0,
      65.0,
      70.0,
      75.0,
      80.0
    ],
    "radii_px": [
      0.0,
      13.199577613516366,
      26.399155227032733,
      39.5987328405491,
      52.798310454065465,
      65.99788806758183,
      79.1974656810982,
      92.39704329461456,
      105.59662090813093,
      118.7961985216473,
      131.99577613516365,
      145.19535374868002,
      158.3949313621964,
      171.59450897571276,
      184.79408658922912,
      197.9936642027455,
      211.19324181626186
    ]
  },
  "26": {
    "center_y_px": 155.30735930735932,
    "center_x_px": 1007.6753246753246,
    "centroid_um": [
      0.0,
      58.83042770562771,
      381.707412987013
    ],
    "radii_um": [
      0.0,
      5.0,
      10.0,
      15.0,
      20.0,
      25.0,
      30.0,
      35.0,
      40.0,
      45.0,
      50.0,
      55.0,
      60.0,
      65.0,
      70.0,
      75.0,
      80.0
    ],
    "radii_px": [
      0.0,
      13.199577613516366,
      26.399155227032733,
      39.5987328405491,
      52.798310454065465,
      65.99788806758183,
      79.1974656810982,
      92.39704329461456,
      105.59662090813093,
      118.7961985216473,
      131.99577613516365,
      145.19535374868002,
      158.3949313621964,
      171.59450897571276,
      184.79408658922912,
      197.9936642027455,
      211.19324181626186
    ]
  },
  "27": {
    "center_y_px": 159.60474308300394,
    "center_x_px": 235.99604743083003,
    "centroid_um": [
      0.0,
      60.458276679841894,
      89.39530276679842
    ],
    "radii_um": [
      0.0,
      5.0,
      10.0,
      15.0,
      20.0,
      25.0,
      30.0,
      35.0,
      40.0,
      45.0,
      50.0,
      55.0,
      60.0,
      65.0,
      70.0,
      75.0,
      80.0
    ],
    "radii_px": [
      0.0,
      13.199577613516366,
      26.399155227032733,
      39.5987328405491,
      52.798310454065465,
      65.99788806758183,
      79.1974656810982,
      92.39704329461456,
      105.59662090813093,
      118.7961985216473,
      131.99577613516365,
      145.19535374868002,
      158.3949313621964,
      171.59450897571276,
      184.79408658922912,
      197.9936642027455,
      211.19324181626186
    ]
  },
  "28": {
    "center_y_px": 156.40322580645162,
    "center_x_px": 221.30107526881721,
    "centroid_um": [
      0.0,
      59.24554193548388,
      83.82884731182797
    ],
    "radii_um": [
      0.0,
      5.0,
      10.0,
      15.0,
      20.0,
      25.0,
      30.0,
      35.0,
      40.0,
      45.0,
      50.0,
      55.0,
      60.0,
      65.0,
      70.0,
      75.0,
      80.0
    ],
    "radii_px": [
      0.0,
      13.199577613516366,
      26.399155227032733,
      39.5987328405491,
      52.798310454065465,
      65.99788806758183,
      79.1974656810982,
      92.39704329461456,
      105.59662090813093,
      118.7961985216473,
      131.99577613516365,
      145.19535374868002,
      158.3949313621964,
      171.59450897571276,
      184.79408658922912,
      197.9936642027455,
      211.19324181626186
    ]
  },
  "29": {
    "center_y_px": 161.1491525423729,
    "center_x_px": 554.6305084745762,
    "centroid_um": [
      0.0,
      61.04329898305085,
      210.0940366101695
    ],
    "radii_um": [
      0.0,
      5.0,
      10.0,
      15.0,
      20.0,
      25.0,
      30.0,
      35.0,
      40.0,
      45.0,
      50.0,
      55.0,
      60.0,
      65.0,
      70.0,
      75.0,
      80.0
    ],
    "radii_px": [
      0.0,
      13.199577613516366,
      26.399155227032733,
      39.5987328405491,
      52.798310454065465,
      65.99788806758183,
      79.1974656810982,
      92.39704329461456,
      105.59662090813093,
      118.7961985216473,
      131.99577613516365,
      145.19535374868002,
      158.3949313621964,
      171.59450897571276,
      184.79408658922912,
      197.9936642027455,
      211.19324181626186
    ]
  },
  "30": {
    "center_y_px": 165.64893617021278,
    "center_x_px": 523.5797872340426,
    "centroid_um": [
      0.0,
      62.7478170212766,
      198.33202340425532
    ],
    "radii_um": [
      0.0,
      5.0,
      10.0,
      15.0,
      20.0,
      25.0,
      30.0,
      35.0,
      40.0,
      45.0,
      50.0,
      55.0,
      60.0,
      65.0,
      70.0,
      75.0,
      80.0
    ],
    "radii_px": [
      0.0,
      13.199577613516366,
      26.399155227032733,
      39.5987328405491,
      52.798310454065465,
      65.99788806758183,
      79.1974656810982,
      92.39704329461456,
      105.59662090813093,
      118.7961985216473,
      131.99577613516365,
      145.19535374868002,
      158.3949313621964,
      171.59450897571276,
      184.79408658922912,
      197.9936642027455,
      211.19324181626186
    ]
  },
  "31": {
    "center_y_px": 170.32155477031802,
    "center_x_px": 587.0742049469965,
    "centroid_um": [
      0.0,
      64.51780494699646,
      222.38370883392227
    ],
    "radii_um": [
      0.0,
      5.0,
      10.0,
      15.0,
      20.0,
      25.0,
      30.0,
      35.0,
      40.0,
      45.0,
      50.0,
      55.0,
      60.0,
      65.0,
      70.0,
      75.0,
      80.0
    ],
    "radii_px": [
      0.0,
      13.199577613516366,
      26.399155227032733,
      39.5987328405491,
      52.798310454065465,
      65.99788806758183,
      79.1974656810982,
      92.39704329461456,
      105.59662090813093,
      118.7961985216473,
      131.99577613516365,
      145.19535374868002,
      158.3949313621964,
      171.59450897571276,
      184.79408658922912,
      197.9936642027455,
      211.19324181626186
    ]
  },
  "32": {
    "center_y_px": 177.48333333333332,
    "center_x_px": 66.25952380952381,
    "centroid_um": [
      0.0,
      67.23068666666667,
      25.099107619047622
    ],