{
  "22": {
    "center_y_px": 145.6178489702517,
    "center_x_px": 303.837528604119,
    "centroid_um": [
      0.0,
      55.160041189931356,
      115.09365583524027
    ],
    "radii_um": [
      0.0,
      5.0,
      10.0,
      15.0,
      20.0,
      25.0,
      30.0,
      35.0,
      40.0
    ],
    "radii_px": [
      0.0,
      13.199577613516366,
      26.399155227032733,
      39.5987328405491,
      52.798310454065465,
      65.99788806758183,
      79.1974656810982,
      92.39704329461456,
      105.59662090813093
    ]
  },
  "23": {
    "center_y_px": 139.15254237288136,
    "center_x_px": 376.5974576271187,
    "centroid_um": [
      0.0,
      52.71098305084746,
      142.65511694915256
    ],
    "radii_um": [
      0.0,
      5.0,
      10.0,
      15.0,
      20.0,
      25.0,
      30.0,
      35.0,
      40.0
    ],
    "radii_px": [
      0.0,
      13.199577613516366,
      26.399155227032733,
      39.5987328405491,
      52.798310454065465,
      65.99788806758183,
      79.1974656810982,
      92.39704329461456,
      105.59662090813093
    ]
  },
  "25": {
    "center_y_px": 144.3089430894309,
    "center_x_px": 286.8658536585366,
    "centroid_um": [
      0.0,
      54.66422764227643,
      108.66478536585367
    ],
    "radii_um": [
      0.0,
      5.0,
      10.0,
      15.0,
      20.0,
      25.0,
      30.0,
      35.0,
      40.0
    ],
    "radii_px": [
      0.0,
      13.199577613516366,
      26.399155227032733,
      39.5987328405491,
      52.798310454065465,
      65.99788806758183,
      79.1974656810982,
      92.39704329461456,
      105.59662090813093
    ]
  },
  "27": {
    "center_y_px": 155.3405172413793,
    "center_x_px": 1007.6637931034483,
    "centroid_um": [
      0.0,
      58.842987931034486,
      381.7030448275862
    ],
    "radii_um": [
      0.0,
      5.0,
      10.0,
      15.0,
      20.0,
      25.0,
      30.0,
      35.0,
      40.0
    ],
    "radii_px": [
      0.0,
      13.199577613516366,
      26.399155227032733,
      39.5987328405491,
      52.798310454065465,
      65.99788806758183,
      79.1974656810982,
      92.39704329461456,
      105.59662090813093
    ]
  },
  "28": {
    "center_y_px": 159.60474308300394,
    "center_x_px": 235.99604743083003,
    "centroid_um": [
      0.0,
      60.458276679841894,
      89.39530276679842
    ],
    "radii_um": [
      0.0,
      5.0,
      10.0,
      15.0,
      20.0,
      25.0,
      30.0,
      35.0,
      40.0
    ],
    "radii_px": [
      0.0,
      13.199577613516366,
      26.399155227032733,
      39.5987328405491,
      52.798310454065465,
      65.99788806758183,
      79.1974656810982,
      92.39704329461456,
      105.59662090813093
    ]
  },
  "29": {
    "center_y_px": 156.36559139784947,
    "center_x_px": 221.23655913978496,
    "centroid_um": [
      0.0,
      59.23128602150538,
      83.80440860215054
    ],
    "radii_um": [
      0.0,
      5.0,
      10.0,
      15.0,
      20.0,
      25.0,
      30.0,
      35.0,
      40.0
    ],
    "radii_px": [
      0.0,
      13.199577613516366,
      26.399155227032733,
      39.5987328405491,
      52.798310454065465,
      65.99788806758183,
      79.1974656810982,
      92.39704329461456,
      105.59662090813093
    ]
  },
  "31": {
    "center_y_px": 165.64893617021278,
    "center_x_px": 523.5797872340426,
    "centroid_um": [
      0.0,
      62.7478170212766,
      198.33202340425532
    ],
    "radii_um": [
      0.0,
      5.0,
      10.0,
      15.0,
      20.0,
      25.0,
      30.0,
      35.0,
      40.0
    ],
    "radii_px": [
      0.0,
      13.199577613516366,
      26.399155227032733,
      39.5987328405491,
      52.798310454065465,
      65.99788806758183,
      79.1974656810982,
      92.39704329461456,
      105.59662090813093
    ]
  },
  "33": {
    "center_y_px": 177.49643705463183,
    "center_x_px": 66.2375296912114,
    "centroid_um": [
      0.0,
      67.23565035629454,
      25.09077624703088
    ],
    "radii_um": [
      0.0,
      5.0,
      10.0,
      15.0,
      20.0,
      25.0,
      30.0,
      35.0,
      40.0
    ],
    "radii_px": [
      0.0,
      13.199577613516366,
      26.399155227032733,
      39.5987328405491,
      52.798310454065465,
      65.99788806758183,
      79.1974656810982,
      92.39704329461456,
      105.59662090813093
    ]
  },
  "34": {
    "center_y_px": 173.00947867298578,
    "center_x_px": 103.1563981042654,
    "centroid_um": [
      0.0,
      65.53599052132702,
      39.07564360189574
    ],
    "radii_um": [
      0.0,
      5.0,
      10.0,
      15.0,
      20.0,
      25.0,
      30.0,
      35.0,
      40.0
    ],
    "radii_px": [
      0.0,
      13.199577613516366,
      26.399155227032733,
      39.5987328405491,
      52.798310454065465,
      65.99788806758183,
      79.1974656810982,
      92.39704329461456,
      105.59662090813093
    ]
  },
  "40": {
    "center_y_px": 255.0597609561753,
    "center_x_px": 770.406374501992,
    "centroid_um": [
      0.0,
      96.6166374501992,
      291.82993466135457
    ],
    "radii_um": [
      0.0,
      5.0,
      10.0,
      15.0,
      20.0,
      25.0,
      30.0,
      35.0,
      40.0
    ],
    "radii_px": [
      0.0,
      13.199577613516366,
      26.399155227032733,
      39.5987328405491,
      52.798310454065465,
      65.99788806758183,
      79.1974656810982,
      92.39704329461456,
      105.59662090813093
    ]
  },
  "183": {
    "center_y_px": 149.7344827586207,
    "center_x_px": 268.88275862068963,
    "centroid_um": [
      0.0,
      56.71942206896552,
      101.85278896551723
    ],
    "radii_um": [
      0.0,
      5.0,
      10.0,
      15.0,
      20.0,
      25.0,
      30.0,
      35.0,
      40.0
    ],
    "radii_px": [
      0.0,
      13.199577613516366,
      26.399155227032733,
      39.5987328405491,
      52.798310454065465,
      65.99788806758183,
      79.1974656810982,
      92.39704329461456,
      105.59662090813093
    ]
  },
  "184": {
    "center_y_px": 154.93214285714285,
    "center_x_px": 444.3071428571429,
    "centroid_um": [
      0.0,
      58.688295714285715,
      168.30354571428575
    ],
    "radii_um": [
      0.0,
      5.0,
      10.0,
      15.0,
      20.0,
      25.0,
      30.0,
      35.0,
      40.0
    ],
    "radii_px": [
      0.0,
      13.199577613516366,
      26.399155227032733,
      39.5987328405491,
      52.798310454065465,
      65.99788806758183,
      79.1974656810982,
      92.39704329461456,
      105.59662090813093
    ]
  },
  "185": {
    "center_y_px": 294.5016286644951,
    "center_x_px": 577.899022801303,
    "centroid_um": [
      0.0,
      111.55721693811076,
      218.90814983713358
    ],
    "radii_um": [
      0.0,
      5.0,
      10.0,
      15.0,
      20.0,
      25.0,
      30.0,
      35.0,
      40.0
    ],
    "radii_px": [
      0.0,
      13.199577613516366,
      26.399155227032733,
      39.5987328405491,
      52.798310454065465,
      65.99788806758183,
      79.1974656810982,
      92.39704329461456,
      105.59662090813093
    ]
  },
  "204": {
    "center_y_px": 156.36909871244634,
    "center_x_px": 481.6309012875536,
    "centroid_um": [
      0.0,
      59.23261459227468,
      182.44178540772532
    ],
    "radii_um": [
      0.0,
      5.0,
      10.0,
      15.0,
      20.0,
      25.0,
      30.0,
      35.0,
      40.0
    ],
    "radii_px": [
      0.0,
      13.199577613516366,
      26.399155227032733,
      39.5987328405491,
      52.798310454065465,
      65.99788806758183,
      79.1974656810982,
      92.39704329461456,
      105.59662090813093
    ]
  },
  "225": {
    "center_y_px": 153.5909090909091,
    "center_x_px": 392.2062937062937,
    "centroid_um": [
      0.0,
      58.18023636363637,
      148.56774405594408
    ],
    "radii_um": [
      0.0,
      5.0,
      10.0,
      15.0,
      20.0,
      25.0,
      30.0,
      35.0,
      40.0
    ],