{
  "83": {
    "center_y_px": 687.6949152542373,
    "center_x_px": 836.9322033898305,
    "centroid_um": [
      0.0,
      260.4988338983051,
      317.02991864406783
    ],
    "radii_um": [
      0.0,
      0.5,
      1.0,
      1.5,
      2.0,
      2.5,
      3.0,
      3.5,
      4.0,
      4.5,
      5.0,
      5.5,
      6.0,
      6.5,
      7.0,
      7.5,
      8.0,
      8.5,
      9.0,
      9.5,
      10.0,
      10.5,
      11.0,
      11.5,
      12.0,
      12.5,
      13.0,
      13.5,
      14.0,
      14.5,
      15.0,
      15.5,
      16.0,
      16.5,
      17.0,
      17.5,
      18.0,
      18.5,
      19.0,
      19.5,
      20.0,
      20.5,
      21.0,
      21.5,
      22.0,
      22.5,
      23.0,
      23.5,
      24.0,
      24.5,
      25.0
    ],
    "radii_px": [
      0.0,
      1.3199577613516367,
      2.6399155227032733,
      3.95987328405491,
      5.279831045406547,
      6.599788806758183,
      7.91974656810982,
      9.239704329461457,
      10.559662090813093,
      11.87961985216473,
      13.199577613516366,
      14.519535374868003,
      15.83949313621964,
      17.159450897571276,
      18.479408658922914,
      19.79936642027455,
      21.119324181626187,
      22.439281942977825,
      23.75923970432946,
      25.079197465681098,
      26.399155227032733,
      27.71911298838437,
      29.039070749736005,
      30.359028511087644,
      31.67898627243928,
      32.99894403379091,
      34.31890179514255,
      35.63885955649419,
      36.95881731784583,
      38.278775079197466,
      39.5987328405491,
      40.918690601900735,
      42.23864836325237,
      43.55860612460401,
      44.87856388595565,
      46.19852164730728,
      47.51847940865892,
      48.83843717001056,
      50.158394931362196,
      51.47835269271383,
      52.798310454065465,
      54.1182682154171,
      55.43822597676874,
      56.75818373812038,
      58.07814149947201,
      59.39809926082365,
      60.71805702217529,
      62.038014783526926,
      63.35797254487856,
      64.6779303062302,
      65.99788806758183
    ]
  },
  "115": {
    "center_y_px": 587.9536423841059,
    "center_x_px": 684.8741721854304,
    "centroid_um": [
      0.0,
      222.71683973509934,
      259.4303364238411
    ],
    "radii_um": [
      0.0,
      0.5,
      1.0,
      1.5,
      2.0,
      2.5,
      3.0,
      3.5,
      4.0,
      4.5,
      5.0,
      5.5,
      6.0,
      6.5,
      7.0,
      7.5,
      8.0,
      8.5,
      9.0,
      9.5,
      10.0,
      10.5,
      11.0,
      11.5,
      12.0,
      12.5,
      13.0,
      13.5,
      14.0,
      14.5,
      15.0,
      15.5,
      16.0,
      16.5,
      17.0,
      17.5,
      18.0,
      18.5,
      19.0,
      19.5,
      20.0,
      20.5,
      21.0,
      21.5,
      22.0,
      22.5,
      23.0,
      23.5,
      24.0,
      24.5,
      25.0
    ],
    "radii_px": [
      0.0,
      1.3199577613516367,
      2.6399155227032733,
      3.95987328405491,
      5.279831045406547,
      6.599788806758183,
      7.91974656810982,
      9.239704329461457,
      10.559662090813093,
      11.87961985216473,
      13.199577613516366,
      14.519535374868003,
      15.83949313621964,
      17.159450897571276,
      18.479408658922914,
      19.79936642027455,
      21.119324181626187,
      22.439281942977825,
      23.75923970432946,
      25.079197465681098,
      26.399155227032733,
      27.71911298838437,
      29.039070749736005,
      30.359028511087644,
      31.67898627243928,
      32.99894403379091,
      34.31890179514255,
      35.63885955649419,
      36.95881731784583,
      38.278775079197466,
      39.5987328405491,
      40.918690601900735,
      42.23864836325237,
      43.55860612460401,
      44.87856388595565,
      46.19852164730728,
      47.51847940865892,
      48.83843717001056,
      50.158394931362196,
      51.47835269271383,
      52.798310454065465,
      54.1182682154171,
      55.43822597676874,
      56.75818373812038,
      58.07814149947201,
      59.39809926082365,
      60.71805702217529,
      62.038014783526926,
      63.35797254487856,
      64.6779303062302,
      65.99788806758183
    ]
  },
  "147": {
    "center_y_px": 653.7932098765432,
    "center_x_px": 827.7685185185185,
    "centroid_um": [
      0.0,
      247.65686790123456,
      313.55871481481483
    ],
    "radii_um": [
      0.0,
      0.5,
      1.0,
      1.5,
      2.0,
      2.5,
      3.0,
      3.5,
      4.0,
      4.5,
      5.0,
      5.5,
      6.0,
      6.5,
      7.0,
      7.5,
      8.0,
      8.5,
      9.0,
      9.5,
      10.0,
      10.5,
      11.0,
      11.5,
      12.0,
      12.5,
      13.0,
      13.5,
      14.0,
      14.5,
      15.0,
      15.5,
      16.0,
      16.5,
      17.0,
      17.5,
      18.0,
      18.5,
      19.0,
      19.5,
      20.0,
      20.5,
      21.0,
      21.5,
      22.0,
      22.5,
      23.0,
      23.5,
      24.0,
      24.5,
      25.0
    ],
    "radii_px": [
      0.0,
      1.3199577613516367,
      2.6399155227032733,
      3.95987328405491,
      5.279831045406547,
      6.599788806758183,
      7.91974656810982,
      9.239704329461457,
      10.559662090813093,
      11.87961985216473,
      13.199577613516366,
      14.519535374868003,
      15.83949313621964,
      17.159450897571276,
      18.479408658922914,
      19.79936642027455,
      21.119324181626187,
      22.439281942977825,
      23.75923970432946,
      25.079197465681098,
      26.399155227032733,
      27.71911298838437,
      29.039070749736005,
      30.359028511087644,
      31.67898627243928,
      32.99894403379091,
      34.31890179514255,
      35.63885955649419,
      36.95881731784583,
      38.278775079197466,
      39.5987328405491,
      40.918690601900735,
      42.23864836325237,
      43.55860612460401,
      44.87856388595565,
      46.19852164730728,
      47.51847940865892,
      48.83843717001056,
      50.158394931362196,
      51.47835269271383,
      52.798310454065465,
      54.1182682154171,
      55.43822597676874,
      56.75818373812038,
      58.07814149947201,
      59.39809926082365,
      60.71805702217529,
      62.038014783526926,
      63.35797254487856,
      64.6779303062302,
      65.99788806758183
    ]
  },
  "148": {
    "center_y_px": 721.0,
    "center_x_px": 802.44140625,
    "centroid_um": [
      0.0,
      273.1148,
      303.9648046875
    ],
    "radii_um": [
      0.0,
      0.5,
      1.0,
      1.5,
      2.0,
      2.5,
      3.0,
      3.5,
      4.0,
      4.5,
      5.0,
      5.5,
      6.0,
      6.5,
      7.0,
      7.5,
      8.0,
      8.5,
      9.0,
      9.5,
      10.0,
      10.5,
      11.0,
      11.5,
      12.0,
      12.5,
      13.0,
      13.5,
      14.0,
      14.5,
      15.0,
      15.5,
      16.0,
      16.5,
      17.0,
      17.5,
      18.0,
      18.5,
      19.0,
      19.5,
      20.0,
      20.5,
      21.0,
      21.5,
      22.0,
      22.5,
      23.0,
      23.5,
      24.0,
      24.5,
      25.0
    ],