{
  "43": {
    "center_y_px": 281.50581395348837,
    "center_x_px": 960.4709302325581,
    "centroid_um": [
      0.0,
      106.6344023255814,
      363.82638837209305
    ],
    "radii_um": [
      0.0,
      1.0,
      2.0,
      3.0,
      4.0,
      5.0,
      6.0,
      7.0,
      8.0,
      9.0,
      10.0,
      11.0,
      12.0,
      13.0,
      14.0,
      15.0,
      16.0,
      17.0,
      18.0,
      19.0,
      20.0,
      21.0,
      22.0,
      23.0,
      24.0,
      25.0
    ],
    "radii_px": [
      0.0,
      2.6399155227032733,
      5.279831045406547,
      7.91974656810982,
      10.559662090813093,
      13.199577613516366,
      15.83949313621964,
      18.479408658922914,
      21.119324181626187,
      23.75923970432946,
      26.399155227032733,
      29.039070749736005,
      31.67898627243928,
      34.31890179514255,
      36.95881731784583,
      39.5987328405491,
      42.23864836325237,
      44.87856388595565,
      47.51847940865892,
      50.158394931362196,
      52.798310454065465,
      55.43822597676874,
      58.07814149947201,
      60.71805702217529,
      63.35797254487856,
      65.99788806758183
    ]
  },
  "67": {
    "center_y_px": 474.0328947368421,
    "center_x_px": 981.8486842105264,
    "centroid_um": [
      0.0,
      179.5636605263158,
      371.9242815789474
    ],
    "radii_um": [
      0.0,
      1.0,
      2.0,
      3.0,
      4.0,
      5.0,
      6.0,
      7.0,
      8.0,
      9.0,
      10.0,
      11.0,
      12.0,
      13.0,
      14.0,
      15.0,
      16.0,
      17.0,
      18.0,
      19.0,
      20.0,
      21.0,
      22.0,
      23.0,
      24.0,
      25.0
    ],
    "radii_px": [
      0.0,
      2.6399155227032733,
      5.279831045406547,
      7.91974656810982,
      10.559662090813093,
      13.199577613516366,
      15.83949313621964,
      18.479408658922914,
      21.119324181626187,
      23.75923970432946,
      26.399155227032733,
      29.039070749736005,
      31.67898627243928,
      34.31890179514255,
      36.95881731784583,
      39.5987328405491,
      42.23864836325237,
      44.87856388595565,
      47.51847940865892,
      50.158394931362196,
      52.798310454065465,
      55.43822597676874,
      58.07814149947201,
      60.71805702217529,
      63.35797254487856,
      65.99788806758183
    ]
  },
  "83": {
    "center_y_px": 687.6949152542373,
    "center_x_px": 836.9322033898305,
    "centroid_um": [
      0.0,
      260.4988338983051,
      317.02991864406783
    ],
    "radii_um": [
      0.0,
      1.0,
      2.0,
      3.0,
      4.0,
      5.0,
      6.0,
      7.0,
      8.0,
      9.0,
      10.0,
      11.0,
      12.0,
      13.0,
      14.0,
      15.0,
      16.0,
      17.0,
      18.0,
      19.0,
      20.0,
      21.0,
      22.0,
      23.0,
      24.0,
      25.0
    ],
    "radii_px": [
      0.0,
      2.6399155227032733,
      5.279831045406547,
      7.91974656810982,
      10.559662090813093,
      13.199577613516366,
      15.83949313621964,
      18.479408658922914,
      21.119324181626187,
      23.75923970432946,
      26.399155227032733,
      29.039070749736005,
      31.67898627243928,
      34.31890179514255,
      36.95881731784583,
      39.5987328405491,
      42.23864836325237,
      44.87856388595565,
      47.51847940865892,
      50.158394931362196,
      52.798310454065465,
      55.43822597676874,
      58.07814149947201,
      60.71805702217529,
      63.35797254487856,
      65.99788806758183
    ]
  },
  "101": {
    "center_y_px": 994.9207920792079,
    "center_x_px": 621.7425742574258,
    "centroid_um": [
      0.0,
      376.875996039604,
      235.51608712871288
    ],
    "radii_um": [
      0.0,
      1.0,
      2.0,
      3.0,
      4.0,
      5.0,
      6.0,
      7.0,
      8.0,
      9.0,
      10.0,
      11.0,
      12.0,
      13.0,
      14.0,
      15.0,
      16.0,
      17.0,
      18.0,
      19.0,
      20.0,
      21.0,
      22.0,
      23.0,
      24.0,
      25.0
    ],
    "radii_px": [
      0.0,
      2.6399155227032733,
      5.279831045406547,
      7.91974656810982,
      10.559662090813093,
      13.199577613516366,
      15.83949313621964,
      18.479408658922914,
      21.119324181626187,
      23.75923970432946,
      26.399155227032733,
      29.039070749736005,
      31.67898627243928,
      34.31890179514255,
      36.95881731784583,
      39.5987328405491,
      42.23864836325237,
      44.87856388595565,
      47.51847940865892,
      50.158394931362196,
      52.798310454065465,
      55.43822597676874,
      58.07814149947201,
      60.71805702217529,
      63.35797254487856,
      65.99788806758183
    ]
  },
  "103": {
    "center_y_px": 1010.830985915493,
    "center_x_px": 607.4507042253521,
    "centroid_um": [
      0.0,
      382.90277746478876,
      230.1023267605634
    ],
    "radii_um": [
      0.0,
      1.0,
      2.0,
      3.0,
      4.0,
      5.0,
      6.0,
      7.0,
      8.0,
      9.0,
      10.0,
      11.0,
      12.0,
      13.0,
      14.0,
      15.0,
      16.0,
      17.0,
      18.0,
      19.0,
      20.0,
      21.0,
      22.0,
      23.0,
      24.0,
      25.0
    ],
    "radii_px": [
      0.0,
      2.6399155227032733,
      5.279831045406547,
      7.91974656810982,
      10.559662090813093,
      13.199577613516366,
      15.83949313621964,
      18.479408658922914,
      21.119324181626187,
      23.75923970432946,
      26.399155227032733,
      29.039070749736005,
      31.67898627243928,
      34.31890179514255,
      36.95881731784583,
      39.5987328405491,
      42.23864836325237,
      44.87856388595565,
      47.51847940865892,
      50.158394931362196,
      52.798310454065465,
      55.43822597676874,
      58.07814149947201,
      60.71805702217529,
      63.35797254487856,
      65.99788806758183
    ]
  },
  "115": {
    "center_y_px": 587.9536423841059,
    "center_x_px": 684.8741721854304,
    "centroid_um": [
      0.0,
      222.71683973509934,
      259.4303364238411
    ],
    "radii_um": [
      0.0,
      1.0,
      2.0,
      3.0,
      4.0,
      5.0,
      6.0,
      7.0,
      8.0,
      9.0,
      10.0,
      11.0,
      12.0,
      13.0,
      14.0,
      15.0,
      16.0,
      17.0,
      18.0,
      19.0,
      20.0,
      21.0,
      22.0,
      23.0,
      24.0,
      25.0
    ],
    "radii_px": [
      0.0,
      2.6399155227032733,
      5.279831045406547,
      7.91974656810982,
      10.559662090813093,
      13.199577613516366,
      15.83949313621964,
      18.479408658922914,
      21.119324181626187,
      23.75923970432946,
      26.399155227032733,
      29.039070749736005,
      31.67898627243928,
      34.31890179514255,
      36.95881731784583,
      39.5987328405491,
      42.23864836325237,
      44.87856388595565,
      47.51847940865892,
      50.158394931362196,
      52.798310454065465,
      55.43822597676874,
      58.07814149947201,
      60.71805702217529,
      63.35797254487856,
      65.99788806758183
    ]
  },
  "128": {
    "center_y_px": 920.4435483870968,
    "center_x_px": 650.3548387096774,
    "centroid_um": [
      0.0,
      348.6640161290323,
      246.35441290322584
    ],
    "radii_um": [
      0.0,
      1.0,
      2.0,
      3.0,
      4.0,
      5.0,
      6.0,
      7.0,
      8.0,
      9.0,
      10.0,
      11.0,
      12.0,
      13.0,
      14.0,
      15.0,
      16.0,
      17.0,
      18.0,
      19.0,
      20.0,
      21.0,
      22.0,
      23.0,
      24.0,
      25.0
    ],