{
  "32": {
    "center_y_px": 263.4746835443038,
    "center_x_px": 682.620253164557,
    "centroid_um": [
      0.0,
      99.80421012658228,
      258.5765518987342
    ],
    "radii_um": [
      0.0,
      5.0,
      10.0,
      15.0,
      20.0,
      25.0,
      30.0,
      35.0,
      40.0,
      45.0,
      50.0,
      55.0,
      60.0,
      65.0,
      70.0,
      75.0,
      80.0
    ],
    "radii_px": [
      0.0,
      13.199577613516366,
      26.399155227032733,
      39.5987328405491,
      52.798310454065465,
      65.99788806758183,
      79.1974656810982,
      92.39704329461456,
      105.59662090813093,
      118.7961985216473,
      131.99577613516365,
      145.19535374868002,
      158.3949313621964,
      171.59450897571276,
      184.79408658922912,
      197.9936642027455,
      211.19324181626186
    ]
  },
  "61": {
    "center_y_px": 473.78145695364236,
    "center_x_px": 981.6887417218543,
    "centroid_um": [
      0.0,
      179.46841589403974,
      371.8636953642384
    ],
    "radii_um": [
      0.0,
      5.0,
      10.0,
      15.0,
      20.0,
      25.0,
      30.0,
      35.0,
      40.0,
      45.0,
      50.0,
      55.0,
      60.0,
      65.0,
      70.0,
      75.0,
      80.0
    ],
    "radii_px": [
      0.0,
      13.199577613516366,
      26.399155227032733,
      39.5987328405491,
      52.798310454065465,
      65.99788806758183,
      79.1974656810982,
      92.39704329461456,
      105.59662090813093,
      118.7961985216473,
      131.99577613516365,
      145.19535374868002,
      158.3949313621964,
      171.59450897571276,
      184.79408658922912,
      197.9936642027455,
      211.19324181626186
    ]
  },
  "74": {
    "center_y_px": 687.4202898550725,
    "center_x_px": 837.7391304347826,
    "centroid_um": [
      0.0,
      260.39480579710147,
      317.3355826086957
    ],
    "radii_um": [
      0.0,
      5.0,
      10.0,
      15.0,
      20.0,
      25.0,
      30.0,
      35.0,
      40.0,
      45.0,
      50.0,
      55.0,
      60.0,
      65.0,
      70.0,
      75.0,
      80.0
    ],
    "radii_px": [
      0.0,
      13.199577613516366,
      26.399155227032733,
      39.5987328405491,
      52.798310454065465,
      65.99788806758183,
      79.1974656810982,
      92.39704329461456,
      105.59662090813093,
      118.7961985216473,
      131.99577613516365,
      145.19535374868002,
      158.3949313621964,
      171.59450897571276,
      184.79408658922912,
      197.9936642027455,
      211.19324181626186
    ]
  },
  "88": {
    "center_y_px": 1004.6764705882352,
    "center_x_px": 613.0441176470588,
    "centroid_um": [
      0.0,
      380.57144705882354,
      232.22111176470588
    ],
    "radii_um": [
      0.0,
      5.0,
      10.0,
      15.0,
      20.0,
      25.0,
      30.0,
      35.0,
      40.0,
      45.0,
      50.0,
      55.0,
      60.0,
      65.0,
      70.0,
      75.0,
      80.0
    ],
    "radii_px": [
      0.0,
      13.199577613516366,
      26.399155227032733,
      39.5987328405491,
      52.798310454065465,
      65.99788806758183,
      79.1974656810982,
      92.39704329461456,
      105.59662090813093,
      118.7961985216473,
      131.99577613516365,
      145.19535374868002,
      158.3949313621964,
      171.59450897571276,
      184.79408658922912,
      197.9936642027455,
      211.19324181626186
    ]
  },
  "103": {
    "center_y_px": 588.2045454545455,
    "center_x_px": 685.2575757575758,
    "centroid_um": [
      0.0,
      222.81188181818186,
      259.5755696969697
    ],
    "radii_um": [
      0.0,
      5.0,
      10.0,
      15.0,
      20.0,
      25.0,
      30.0,
      35.0,
      40.0,
      45.0,
      50.0,
      55.0,
      60.0,
      65.0,
      70.0,
      75.0,
      80.0
    ],
    "radii_px": [
      0.0,
      13.199577613516366,
      26.399155227032733,
      39.5987328405491,
      52.798310454065465,
      65.99788806758183,
      79.1974656810982,
      92.39704329461456,
      105.59662090813093,
      118.7961985216473,
      131.99577613516365,
      145.19535374868002,
      158.3949313621964,
      171.59450897571276,
      184.79408658922912,
      197.9936642027455,
      211.19324181626186
    ]
  },
  "115": {
    "center_y_px": 920.3378378378378,
    "center_x_px": 650.8648648648649,
    "centroid_um": [
      0.0,
      348.623972972973,
      246.54761081081085
    ],
    "radii_um": [
      0.0,
      5.0,
      10.0,
      15.0,
      20.0,
      25.0,
      30.0,
      35.0,
      40.0,
      45.0,
      50.0,
      55.0,
      60.0,
      65.0,
      70.0,
      75.0,
      80.0
    ],
    "radii_px": [
      0.0,
      13.199577613516366,
      26.399155227032733,
      39.5987328405491,
      52.798310454065465,
      65.99788806758183,
      79.1974656810982,
      92.39704329461456,
      105.59662090813093,
      118.7961985216473,
      131.99577613516365,
      145.19535374868002,
      158.3949313621964,
      171.59450897571276,
      184.79408658922912,
      197.9936642027455,
      211.19324181626186
    ]
  },
  "133": {
    "center_y_px": 418.14912280701753,
    "center_x_px": 1017.8333333333334,
    "centroid_um": [
      0.0,
      158.39488771929825,
      385.5552666666667
    ],
    "radii_um": [
      0.0,
      5.0,
      10.0,
      15.0,
      20.0,
      25.0,
      30.0,
      35.0,
      40.0,
      45.0,
      50.0,
      55.0,
      60.0,
      65.0,
      70.0,
      75.0,
      80.0
    ],
    "radii_px": [
      0.0,
      13.199577613516366,
      26.399155227032733,
      39.5987328405491,
      52.798310454065465,
      65.99788806758183,
      79.1974656810982,
      92.39704329461456,
      105.59662090813093,
      118.7961985216473,
      131.99577613516365,
      145.19535374868002,
      158.3949313621964,
      171.59450897571276,
      184.79408658922912,
      197.9936642027455,
      211.19324181626186
    ]
  },
  "137": {
    "center_y_px": 654.2051282051282,
    "center_x_px": 827.934065934066,
    "centroid_um": [
      0.0,
      247.81290256410256,
      313.6214241758242
    ],
    "radii_um": [
      0.0,
      5.0,
      10.0,
      15.0,
      20.0,
      25.0,
      30.0,
      35.0,
      40.0,
      45.0,
      50.0,
      55.0,
      60.0,
      65.0,
      70.0,
      75.0,
      80.0
    ],
    "radii_px": [
      0.0,
      13.199577613516366,
      26.399155227032733,
      39.5987328405491,
      52.798310454065465,
      65.99788806758183,
      79.1974656810982,
      92.39704329461456,
      105.59662090813093,
      118.7961985216473,
      131.99577613516365,
      145.19535374868002,
      158.3949313621964,
      171.59450897571276,
      184.79408658922912,
      197.9936642027455,
      211.19324181626186
    ]
  },
  "138": {
    "center_y_px": 721.4349593495934,
    "center_x_px": 802.0569105691056,
    "centroid_um": [
      0.0,
      273.279562601626,
      303.81915772357723
    ],
    "radii_um": [
      0.0,
      5.0,
      10.0,
      15.0,
      20.0,
      25.0,
      30.0,
      35.0,
      40.0,
      45.0,
      50.0,
      55.0,
      60.0,
      65.0,
      70.0,
      75.0,
      80.0
    ],
    "radii_px": [
      0.0,
      13.199577613516366,
      26.399155227032733,
      39.5987328405491,
      52.798310454065465,
      65.99788806758183,
      79.1974656810982,
      92.39704329461456,
      105.59662090813093,
      118.7961985216473,
      131.99577613516365,
      145.19535374868002,
      158.3949313621964,
      171.59450897571276,
      184.79408658922912,
      197.9936642027455,
      211.19324181626186
    ]
  },
  "144": {
    "center_y_px": 896.8947368421053,
    "center_x_px": 628.4887218045113,
    "centroid_um": [
      0.0,
      339.7437263157895,
      238.07152781954892
    ],