{
  "3": {
    "center_y_px": 4.925619834710743,
    "center_x_px": 566.3760330578513,
    "centroid_um": [
      0.0,
      1.8658247933884298,
      214.54324132231406
    ],
    "radii_um": [
      0.0,
      5.0,
      10.0,
      15.0,
      20.0,
      25.0,
      30.0,
      35.0,
      40.0
    ],
    "radii_px": [
      0.0,
      13.199577613516366,
      26.399155227032733,
      39.5987328405491,
      52.798310454065465,
      65.99788806758183,
      79.1974656810982,
      92.39704329461456,
      105.59662090813093
    ]
  },
  "11": {
    "center_y_px": 52.44514106583072,
    "center_x_px": 581.7554858934169,
    "centroid_um": [
      0.0,
      19.866219435736678,
      220.36897805642633
    ],
    "radii_um": [
      0.0,
      5.0,
      10.0,
      15.0,
      20.0,
      25.0,
      30.0,
      35.0,
      40.0
    ],
    "radii_px": [
      0.0,
      13.199577613516366,
      26.399155227032733,
      39.5987328405491,
      52.798310454065465,
      65.99788806758183,
      79.1974656810982,
      92.39704329461456,
      105.59662090813093
    ]
  },
  "16": {
    "center_y_px": 131.56953642384107,
    "center_x_px": 573.6986754966888,
    "centroid_um": [
      0.0,
      49.838540397351004,
      217.31705827814574
    ],
    "radii_um": [
      0.0,
      5.0,
      10.0,
      15.0,
      20.0,
      25.0,
      30.0,
      35.0,
      40.0
    ],
    "radii_px": [
      0.0,
      13.199577613516366,
      26.399155227032733,
      39.5987328405491,
      52.798310454065465,
      65.99788806758183,
      79.1974656810982,
      92.39704329461456,
      105.59662090813093
    ]
  },
  "22": {
    "center_y_px": 164.7107142857143,
    "center_x_px": 631.3821428571429,
    "centroid_um": [
      0.0,
      62.39241857142858,
      239.16755571428573
    ],
    "radii_um": [
      0.0,
      5.0,
      10.0,
      15.0,
      20.0,
      25.0,
      30.0,
      35.0,
      40.0
    ],
    "radii_px": [
      0.0,
      13.199577613516366,
      26.399155227032733,
      39.5987328405491,
      52.798310454065465,
      65.99788806758183,
      79.1974656810982,
      92.39704329461456,
      105.59662090813093
    ]
  },
  "33": {
    "center_y_px": 236.55141843971631,
    "center_x_px": 599.9166666666666,
    "centroid_um": [
      0.0,
      89.60567730496454,
      227.24843333333334
    ],
    "radii_um": [
      0.0,
      5.0,
      10.0,
      15.0,
      20.0,
      25.0,
      30.0,
      35.0,
      40.0
    ],
    "radii_px": [
      0.0,
      13.199577613516366,
      26.399155227032733,
      39.5987328405491,
      52.798310454065465,
      65.99788806758183,
      79.1974656810982,
      92.39704329461456,
      105.59662090813093
    ]
  },
  "53": {
    "center_y_px": 344.21991701244815,
    "center_x_px": 779.6348547717843,
    "centroid_um": [
      0.0,
      130.39050456431536,
      295.3256829875519
    ],
    "radii_um": [
      0.0,
      5.0,
      10.0,
      15.0,
      20.0,
      25.0,
      30.0,
      35.0,
      40.0
    ],
    "radii_px": [
      0.0,
      13.199577613516366,
      26.399155227032733,
      39.5987328405491,
      52.798310454065465,
      65.99788806758183,
      79.1974656810982,
      92.39704329461456,
      105.59662090813093
    ]
  },
  "66": {
    "center_y_px": 407.2618025751073,
    "center_x_px": 605.3390557939914,
    "centroid_um": [
      0.0,
      154.27077081545065,
      229.30243433476397
    ],
    "radii_um": [
      0.0,
      5.0,
      10.0,
      15.0,
      20.0,
      25.0,
      30.0,
      35.0,
      40.0
    ],
    "radii_px": [
      0.0,
      13.199577613516366,
      26.399155227032733,
      39.5987328405491,
      52.798310454065465,
      65.99788806758183,
      79.1974656810982,
      92.39704329461456,
      105.59662090813093
    ]
  },
  "76": {
    "center_y_px": 461.2229299363057,
    "center_x_px": 856.1167728237792,
    "centroid_um": [
      0.0,
      174.7112458598726,
      324.2970335456476
    ],
    "radii_um": [
      0.0,
      5.0,
      10.0,
      15.0,
      20.0,
      25.0,
      30.0,
      35.0,
      40.0
    ],
    "radii_px": [
      0.0,
      13.199577613516366,
      26.399155227032733,
      39.5987328405491,
      52.798310454065465,
      65.99788806758183,
      79.1974656810982,
      92.39704329461456,
      105.59662090813093
    ]
  },
  "84": {
    "center_y_px": 510.33466135458167,
    "center_x_px": 849.796812749004,
    "centroid_um": [
      0.0,
      193.31476972111554,
      321.9030326693227
    ],
    "radii_um": [
      0.0,
      5.0,
      10.0,
      15.0,
      20.0,
      25.0,
      30.0,
      35.0,
      40.0
    ],
    "radii_px": [
      0.0,
      13.199577613516366,
      26.399155227032733,
      39.5987328405491,
      52.798310454065465,
      65.99788806758183,
      79.1974656810982,
      92.39704329461456,
      105.59662090813093
    ]
  },
  "85": {
    "center_y_px": 525.2829457364342,
    "center_x_px": 698.1899224806201,
    "centroid_um": [
      0.0,
      198.97717984496128,
      264.4743426356589
    ],
    "radii_um": [
      0.0,
      5.0,
      10.0,
      15.0,
      20.0,
      25.0,
      30.0,
      35.0,
      40.0
    ],
    "radii_px": [
      0.0,
      13.199577613516366,
      26.399155227032733,
      39.5987328405491,
      52.798310454065465,
      65.99788806758183,
      79.1974656810982,
      92.39704329461456,
      105.59662090813093
    ]
  },
  "101": {
    "center_y_px": 565.0683760683761,
    "center_x_px": 783.5099715099715,
    "centroid_um": [
      0.0,
      214.04790085470088,
      296.7935772079772
    ],
    "radii_um": [
      0.0,
      5.0,
      10.0,
      15.0,
      20.0,
      25.0,
      30.0,
      35.0,
      40.0
    ],
    "radii_px": [
      0.0,
      13.199577613516366,
      26.399155227032733,
      39.5987328405491,
      52.798310454065465,
      65.99788806758183,
      79.1974656810982,
      92.39704329461456,
      105.59662090813093
    ]
  },
  "128": {
    "center_y_px": 649.7352024922118,
    "center_x_px": 1015.8660436137071,
    "centroid_um": [
      0.0,
      246.11969470404983,
      384.81005732087226
    ],
    "radii_um": [
      0.0,
      5.0,
      10.0,
      15.0,
      20.0,
      25.0,
      30.0,
      35.0,
      40.0
    ],
    "radii_px": [
      0.0,
      13.199577613516366,
      26.399155227032733,
      39.5987328405491,
      52.798310454065465,
      65.99788806758183,
      79.1974656810982,
      92.39704329461456,
      105.59662090813093
    ]
  },
  "251": {
    "center_y_px": 295.9124293785311,
    "center_x_px": 523.9802259887006,
    "centroid_um": [
      0.0,
      112.09162824858758,
      198.4837096045198
    ],
    "radii_um": [
      0.0,
      5.0,
      10.0,
      15.0,
      20.0,
      25.0,
      30.0,
      35.0,
      40.0
    ],
    "radii_px": [
      0.0,
      13.199577613516366,
      26.399155227032733,
      39.5987328405491,
      52.798310454065465,
      65.99788806758183,
      79.1974656810982,
      92.39704329461456,
      105.59662090813093
    ]
  },
  "256": {
    "center_y_px": 481.60897435897436,
    "center_x_px": 852.9487179487179,
    "centroid_um": [
      0.0,
      182.4334794871795,
      323.09697435897436
    ],
    "radii_um": [
      0.0,
      5.0,
      10.0,
      15.0,
      20.0,
      25.0,
      30.0,
      35.0,
      40.0
    ],
    "radii_px": [
      0.0,
      13.199577613516366,
      26.399155227032733,
      39.5987328405491,
      52.798310454065465,
      65.99788806758183,
      79.1974656810982,
      92.39704329461456,
      105.59662090813093
    ]
  },
  "259": {
    "center_y_px": 595.5664556962025,
    "center_x_px": 925.117088607595,
    "centroid_um": [
      0.0,
      225.60057341772153,
      350.43435316455697
    ],
    "radii_um": [
      0.0,
      5.0,
      10.0,
      15.0,
      20.0,
      25.0,
      30.0,
      35.0,
      40.0
    ],