{
  "2": {
    "center_y_px": 5.580152671755725,
    "center_x_px": 283.2442748091603,
    "centroid_um": [
      0.0,
      2.1137618320610687,
      107.29293129770993
    ],
    "radii_um": [
      0.0,
      5.0,
      10.0,
      15.0,
      20.0,
      25.0,
      30.0,
      35.0,
      40.0
    ],
    "radii_px": [
      0.0,
      13.199577613516366,
      26.399155227032733,
      39.5987328405491,
      52.798310454065465,
      65.99788806758183,
      79.1974656810982,
      92.39704329461456,
      105.59662090813093
    ]
  },
  "8": {
    "center_y_px": 63.61797752808989,
    "center_x_px": 440.1198501872659,
    "centroid_um": [
      0.0,
      24.09848988764045,
      166.71739925093632
    ],
    "radii_um": [
      0.0,
      5.0,
      10.0,
      15.0,
      20.0,
      25.0,
      30.0,
      35.0,
      40.0
    ],
    "radii_px": [
      0.0,
      13.199577613516366,
      26.399155227032733,
      39.5987328405491,
      52.798310454065465,
      65.99788806758183,
      79.1974656810982,
      92.39704329461456,
      105.59662090813093
    ]
  },
  "10": {
    "center_y_px": 68.99459459459459,
    "center_x_px": 469.0864864864865,
    "centroid_um": [
      0.0,
      26.13515243243243,
      177.6899610810811
    ],
    "radii_um": [
      0.0,
      5.0,
      10.0,
      15.0,
      20.0,
      25.0,
      30.0,
      35.0,
      40.0
    ],
    "radii_px": [
      0.0,
      13.199577613516366,
      26.399155227032733,
      39.5987328405491,
      52.798310454065465,
      65.99788806758183,
      79.1974656810982,
      92.39704329461456,
      105.59662090813093
    ]
  },
  "11": {
    "center_y_px": 82.36559139784946,
    "center_x_px": 456.741935483871,
    "centroid_um": [
      0.0,
      31.200086021505378,
      173.01384516129033
    ],
    "radii_um": [
      0.0,
      5.0,
      10.0,
      15.0,
      20.0,
      25.0,
      30.0,
      35.0,
      40.0
    ],
    "radii_px": [
      0.0,
      13.199577613516366,
      26.399155227032733,
      39.5987328405491,
      52.798310454065465,
      65.99788806758183,
      79.1974656810982,
      92.39704329461456,
      105.59662090813093
    ]
  },
  "14": {
    "center_y_px": 90.88957055214723,
    "center_x_px": 323.90184049079755,
    "centroid_um": [
      0.0,
      34.428969325153375,
      122.69401717791412
    ],
    "radii_um": [
      0.0,
      5.0,
      10.0,
      15.0,
      20.0,
      25.0,
      30.0,
      35.0,
      40.0
    ],
    "radii_px": [
      0.0,
      13.199577613516366,
      26.399155227032733,
      39.5987328405491,
      52.798310454065465,
      65.99788806758183,
      79.1974656810982,
      92.39704329461456,
      105.59662090813093
    ]
  },
  "19": {
    "center_y_px": 117.17180616740089,
    "center_x_px": 516.1233480176212,
    "centroid_um": [
      0.0,
      44.38468017621146,
      195.50752422907493
    ],
    "radii_um": [
      0.0,
      5.0,
      10.0,
      15.0,
      20.0,
      25.0,
      30.0,
      35.0,
      40.0
    ],
    "radii_px": [
      0.0,
      13.199577613516366,
      26.399155227032733,
      39.5987328405491,
      52.798310454065465,
      65.99788806758183,
      79.1974656810982,
      92.39704329461456,
      105.59662090813093
    ]
  },
  "20": {
    "center_y_px": 131.22058823529412,
    "center_x_px": 551.4485294117648,
    "centroid_um": [
      0.0,
      49.70635882352941,
      208.8887029411765
    ],
    "radii_um": [
      0.0,
      5.0,
      10.0,
      15.0,
      20.0,
      25.0,
      30.0,
      35.0,
      40.0
    ],
    "radii_px": [
      0.0,
      13.199577613516366,
      26.399155227032733,
      39.5987328405491,
      52.798310454065465,
      65.99788806758183,
      79.1974656810982,
      92.39704329461456,
      105.59662090813093
    ]
  },
  "29": {
    "center_y_px": 261.3937823834197,
    "center_x_px": 633.3886010362694,
    "centroid_um": [
      0.0,
      99.01596476683939,
      239.92760207253886
    ],
    "radii_um": [
      0.0,
      5.0,
      10.0,
      15.0,
      20.0,
      25.0,
      30.0,
      35.0,
      40.0
    ],
    "radii_px": [
      0.0,
      13.199577613516366,
      26.399155227032733,
      39.5987328405491,
      52.798310454065465,
      65.99788806758183,
      79.1974656810982,
      92.39704329461456,
      105.59662090813093
    ]
  },
  "36": {
    "center_y_px": 298.98477157360406,
    "center_x_px": 749.8223350253808,
    "centroid_um": [
      0.0,
      113.25543147208123,
      284.03270050761427
    ],
    "radii_um": [
      0.0,
      5.0,
      10.0,
      15.0,
      20.0,
      25.0,
      30.0,
      35.0,
      40.0
    ],
    "radii_px": [
      0.0,
      13.199577613516366,
      26.399155227032733,
      39.5987328405491,
      52.798310454065465,
      65.99788806758183,
      79.1974656810982,
      92.39704329461456,
      105.59662090813093
    ]
  },
  "41": {
    "center_y_px": 311.5,
    "center_x_px": 762.6296296296297,
    "centroid_um": [
      0.0,
      117.9962,
      288.8841037037037
    ],
    "radii_um": [
      0.0,
      5.0,
      10.0,
      15.0,
      20.0,
      25.0,
      30.0,
      35.0,
      40.0
    ],
    "radii_px": [
      0.0,
      13.199577613516366,
      26.399155227032733,
      39.5987328405491,
      52.798310454065465,
      65.99788806758183,
      79.1974656810982,
      92.39704329461456,
      105.59662090813093
    ]
  },
  "42": {
    "center_y_px": 322.69955156950675,
    "center_x_px": 771.0986547085201,
    "centroid_um": [
      0.0,
      122.23859013452916,
      292.09217040358743
    ],
    "radii_um": [
      0.0,
      5.0,
      10.0,
      15.0,
      20.0,
      25.0,
      30.0,
      35.0,
      40.0
    ],
    "radii_px": [
      0.0,
      13.199577613516366,
      26.399155227032733,
      39.5987328405491,
      52.798310454065465,
      65.99788806758183,
      79.1974656810982,
      92.39704329461456,
      105.59662090813093
    ]
  },
  "49": {
    "center_y_px": 353.7068965517241,
    "center_x_px": 807.8448275862069,
    "centroid_um": [
      0.0,
      133.98417241379312,
      306.01162068965516
    ],
    "radii_um": [
      0.0,
      5.0,
      10.0,
      15.0,
      20.0,
      25.0,
      30.0,
      35.0,
      40.0
    ],
    "radii_px": [
      0.0,
      13.199577613516366,
      26.399155227032733,
      39.5987328405491,
      52.798310454065465,
      65.99788806758183,
      79.1974656810982,
      92.39704329461456,
      105.59662090813093
    ]
  },
  "56": {
    "center_y_px": 445.4776119402985,
    "center_x_px": 825.3432835820895,
    "centroid_um": [
      0.0,
      168.7469194029851,
      312.64003582089555
    ],
    "radii_um": [
      0.0,
      5.0,
      10.0,
      15.0,
      20.0,
      25.0,
      30.0,
      35.0,
      40.0
    ],
    "radii_px": [
      0.0,
      13.199577613516366,
      26.399155227032733,
      39.5987328405491,
      52.798310454065465,
      65.99788806758183,
      79.1974656810982,
      92.39704329461456,
      105.59662090813093
    ]
  },
  "59": {
    "center_y_px": 450.9140625,
    "center_x_px": 893.875,
    "centroid_um": [
      0.0,
      170.806246875,
      338.59985
    ],
    "radii_um": [
      0.0,
      5.0,
      10.0,
      15.0,
      20.0,
      25.0,
      30.0,
      35.0,
      40.0
    ],
    "radii_px": [
      0.0,
      13.199577613516366,
      26.399155227032733,
      39.5987328405491,
      52.798310454065465,
      65.99788806758183,
      79.1974656810982,
      92.39704329461456,
      105.59662090813093
    ]
  },
  "65": {
    "center_y_px": 480.07531380753136,
    "center_x_px": 1014.0,
    "centroid_um": [
      0.0,
      181.8525288702929,
      384.1032
    ],
    "radii_um": [
      0.0,
      5.0,
      10.0,
      15.0,
      20.0,
      25.0,
      30.0,
      35.0,
      40.0
    ],