{
  "3": {
    "center_y_px": 26.337662337662337,
    "center_x_px": 699.9324675324675,
    "centroid_um": [
      0.0,
      9.976706493506494,
      265.1344187012987
    ],
    "radii_um": [
      0.0,
      5.0,
      10.0,
      15.0,
      20.0,
      25.0,
      30.0,
      35.0,
      40.0
    ],
    "radii_px": [
      0.0,
      13.199577613516366,
      26.399155227032733,
      39.5987328405491,
      52.798310454065465,
      65.99788806758183,
      79.1974656810982,
      92.39704329461456,
      105.59662090813093
    ]
  },
  "19": {
    "center_y_px": 120.58024691358025,
    "center_x_px": 713.0679012345679,
    "centroid_um": [
      0.0,
      45.6757975308642,
      270.11012098765434
    ],
    "radii_um": [
      0.0,
      5.0,
      10.0,
      15.0,
      20.0,
      25.0,
      30.0,
      35.0,
      40.0
    ],
    "radii_px": [
      0.0,
      13.199577613516366,
      26.399155227032733,
      39.5987328405491,
      52.798310454065465,
      65.99788806758183,
      79.1974656810982,
      92.39704329461456,
      105.59662090813093
    ]
  },
  "20": {
    "center_y_px": 132.81012658227849,
    "center_x_px": 732.2721518987341,
    "centroid_um": [
      0.0,
      50.30847594936709,
      277.3846911392405
    ],
    "radii_um": [
      0.0,
      5.0,
      10.0,
      15.0,
      20.0,
      25.0,
      30.0,
      35.0,
      40.0
    ],
    "radii_px": [
      0.0,
      13.199577613516366,
      26.399155227032733,
      39.5987328405491,
      52.798310454065465,
      65.99788806758183,
      79.1974656810982,
      92.39704329461456,
      105.59662090813093
    ]
  },
  "36": {
    "center_y_px": 200.60371517027863,
    "center_x_px": 638.1362229102167,
    "centroid_um": [
      0.0,
      75.98868730650155,
      241.7260012383901
    ],
    "radii_um": [
      0.0,
      5.0,
      10.0,
      15.0,
      20.0,
      25.0,
      30.0,
      35.0,
      40.0
    ],
    "radii_px": [
      0.0,
      13.199577613516366,
      26.399155227032733,
      39.5987328405491,
      52.798310454065465,
      65.99788806758183,
      79.1974656810982,
      92.39704329461456,
      105.59662090813093
    ]
  },
  "37": {
    "center_y_px": 200.58536585365854,
    "center_x_px": 523.5365853658536,
    "centroid_um": [
      0.0,
      75.98173658536587,
      198.31565853658537
    ],
    "radii_um": [
      0.0,
      5.0,
      10.0,
      15.0,
      20.0,
      25.0,
      30.0,
      35.0,
      40.0
    ],
    "radii_px": [
      0.0,
      13.199577613516366,
      26.399155227032733,
      39.5987328405491,
      52.798310454065465,
      65.99788806758183,
      79.1974656810982,
      92.39704329461456,
      105.59662090813093
    ]
  },
  "40": {
    "center_y_px": 211.9287833827893,
    "center_x_px": 730.106824925816,
    "centroid_um": [
      0.0,
      80.27862314540059,
      276.5644652818991
    ],
    "radii_um": [
      0.0,
      5.0,
      10.0,
      15.0,
      20.0,
      25.0,
      30.0,
      35.0,
      40.0
    ],
    "radii_px": [
      0.0,
      13.199577613516366,
      26.399155227032733,
      39.5987328405491,
      52.798310454065465,
      65.99788806758183,
      79.1974656810982,
      92.39704329461456,
      105.59662090813093
    ]
  },
  "57": {
    "center_y_px": 316.2022471910112,
    "center_x_px": 686.7528089887641,
    "centroid_um": [
      0.0,
      119.77741123595506,
      260.14196404494385
    ],
    "radii_um": [
      0.0,
      5.0,
      10.0,
      15.0,
      20.0,
      25.0,
      30.0,
      35.0,
      40.0
    ],
    "radii_px": [
      0.0,
      13.199577613516366,
      26.399155227032733,
      39.5987328405491,
      52.798310454065465,
      65.99788806758183,
      79.1974656810982,
      92.39704329461456,
      105.59662090813093
    ]
  },
  "80": {
    "center_y_px": 474.4909560723514,
    "center_x_px": 536.9509043927649,
    "centroid_um": [
      0.0,
      179.73717416020673,
      203.39700258397934
    ],
    "radii_um": [
      0.0,
      5.0,
      10.0,
      15.0,
      20.0,
      25.0,
      30.0,
      35.0,
      40.0
    ],
    "radii_px": [
      0.0,
      13.199577613516366,
      26.399155227032733,
      39.5987328405491,
      52.798310454065465,
      65.99788806758183,
      79.1974656810982,
      92.39704329461456,
      105.59662090813093
    ]
  },
  "86": {
    "center_y_px": 509.3521126760563,
    "center_x_px": 704.4319248826291,
    "centroid_um": [
      0.0,
      192.94258028169014,
      266.8388131455399
    ],
    "radii_um": [
      0.0,
      5.0,
      10.0,
      15.0,
      20.0,
      25.0,
      30.0,
      35.0,
      40.0
    ],
    "radii_px": [
      0.0,
      13.199577613516366,
      26.399155227032733,
      39.5987328405491,
      52.798310454065465,
      65.99788806758183,
      79.1974656810982,
      92.39704329461456,
      105.59662090813093
    ]
  },
  "88": {
    "center_y_px": 523.8368298368298,
    "center_x_px": 686.1678321678322,
    "centroid_um": [
      0.0,
      198.42939114219115,
      259.92037482517486
    ],
    "radii_um": [
      0.0,
      5.0,
      10.0,
      15.0,
      20.0,
      25.0,
      30.0,
      35.0,
      40.0
    ],
    "radii_px": [
      0.0,
      13.199577613516366,
      26.399155227032733,
      39.5987328405491,
      52.798310454065465,
      65.99788806758183,
      79.1974656810982,
      92.39704329461456,
      105.59662090813093
    ]
  },
  "89": {
    "center_y_px": 550.3333333333334,
    "center_x_px": 575.6298850574713,
    "centroid_um": [
      0.0,
      208.46626666666668,
      218.0486004597701
    ],
    "radii_um": [
      0.0,
      5.0,
      10.0,
      15.0,
      20.0,
      25.0,
      30.0,
      35.0,
      40.0
    ],
    "radii_px": [
      0.0,
      13.199577613516366,
      26.399155227032733,
      39.5987328405491,
      52.798310454065465,
      65.99788806758183,
      79.1974656810982,
      92.39704329461456,
      105.59662090813093
    ]
  },
  "93": {
    "center_y_px": 570.9202127659574,
    "center_x_px": 724.0372340425532,
    "centroid_um": [
      0.0,
      216.2645765957447,
      274.26530425531917
    ],
    "radii_um": [
      0.0,
      5.0,
      10.0,
      15.0,
      20.0,
      25.0,
      30.0,
      35.0,
      40.0
    ],
    "radii_px": [
      0.0,
      13.199577613516366,
      26.399155227032733,
      39.5987328405491,
      52.798310454065465,
      65.99788806758183,
      79.1974656810982,
      92.39704329461456,
      105.59662090813093
    ]
  },
  "100": {
    "center_y_px": 593.8851351351351,
    "center_x_px": 376.1621621621622,
    "centroid_um": [
      0.0,
      224.96368918918918,
      142.49022702702706
    ],
    "radii_um": [
      0.0,
      5.0,
      10.0,
      15.0,
      20.0,
      25.0,
      30.0,
      35.0,
      40.0
    ],
    "radii_px": [
      0.0,
      13.199577613516366,
      26.399155227032733,
      39.5987328405491,
      52.798310454065465,
      65.99788806758183,
      79.1974656810982,
      92.39704329461456,
      105.59662090813093
    ]
  },
  "101": {
    "center_y_px": 598.8981481481482,
    "center_x_px": 679.0555555555555,
    "centroid_um": [
      0.0,
      226.86261851851853,
      257.22624444444443
    ],
    "radii_um": [
      0.0,
      5.0,
      10.0,
      15.0,
      20.0,
      25.0,
      30.0,
      35.0,
      40.0
    ],
    "radii_px": [
      0.0,
      13.199577613516366,
      26.399155227032733,
      39.5987328405491,
      52.798310454065465,
      65.99788806758183,
      79.1974656810982,
      92.39704329461456,
      105.59662090813093
    ]
  },
  "111": {
    "center_y_px": 642.6845637583892,
    "center_x_px": 739.5671140939597,
    "centroid_um": [
      0.0,
      243.44891275167785,
      280.14802281879196
    ],
    "radii_um": [
      0.0,
      5.0,
      10.0,
      15.0,
      20.0,
      25.0,
      30.0,
      35.0,
      40.0
    ],