{
  "8": {
    "center_y_px": 25.024539877300615,
    "center_x_px": 588.036809815951,
    "centroid_um": [
      0.0,
      9.479295705521473,
      222.74834355828224
    ],
    "radii_um": [
      0.0,
      5.0,
      10.0,
      15.0,
      20.0,
      25.0,
      30.0,
      35.0,
      40.0
    ],
    "radii_px": [
      0.0,
      13.199577613516366,
      26.399155227032733,
      39.5987328405491,
      52.798310454065465,
      65.99788806758183,
      79.1974656810982,
      92.39704329461456,
      105.59662090813093
    ]
  },
  "12": {
    "center_y_px": 122.92441860465117,
    "center_x_px": 623.3488372093024,
    "centroid_um": [
      0.0,
      46.56376976744186,
      236.12453953488375
    ],
    "radii_um": [
      0.0,
      5.0,
      10.0,
      15.0,
      20.0,
      25.0,
      30.0,
      35.0,
      40.0
    ],
    "radii_px": [
      0.0,
      13.199577613516366,
      26.399155227032733,
      39.5987328405491,
      52.798310454065465,
      65.99788806758183,
      79.1974656810982,
      92.39704329461456,
      105.59662090813093
    ]
  },
  "35": {
    "center_y_px": 466.5203619909502,
    "center_x_px": 718.3303167420814,
    "centroid_um": [
      0.0,
      176.71791312217195,
      272.1035239819005
    ],
    "radii_um": [
      0.0,
      5.0,
      10.0,
      15.0,
      20.0,
      25.0,
      30.0,
      35.0,
      40.0
    ],
    "radii_px": [
      0.0,
      13.199577613516366,
      26.399155227032733,
      39.5987328405491,
      52.798310454065465,
      65.99788806758183,
      79.1974656810982,
      92.39704329461456,
      105.59662090813093
    ]
  },
  "46": {
    "center_y_px": 653.3627906976744,
    "center_x_px": 695.2232558139535,
    "centroid_um": [
      0.0,
      247.49382511627908,
      263.3505693023256
    ],
    "radii_um": [
      0.0,
      5.0,
      10.0,
      15.0,
      20.0,
      25.0,
      30.0,
      35.0,
      40.0
    ],
    "radii_px": [
      0.0,
      13.199577613516366,
      26.399155227032733,
      39.5987328405491,
      52.798310454065465,
      65.99788806758183,
      79.1974656810982,
      92.39704329461456,
      105.59662090813093
    ]
  },
  "63": {
    "center_y_px": 807.9602649006622,
    "center_x_px": 790.0596026490066,
    "centroid_um": [
      0.0,
      306.0553483443709,
      299.2745774834437
    ],
    "radii_um": [
      0.0,
      5.0,
      10.0,
      15.0,
      20.0,
      25.0,
      30.0,
      35.0,
      40.0
    ],
    "radii_px": [
      0.0,
      13.199577613516366,
      26.399155227032733,
      39.5987328405491,
      52.798310454065465,
      65.99788806758183,
      79.1974656810982,
      92.39704329461456,
      105.59662090813093
    ]
  },
  "69": {
    "center_y_px": 857.6046511627907,
    "center_x_px": 848.703488372093,
    "centroid_um": [
      0.0,
      324.86064186046514,
      321.48888139534887
    ],
    "radii_um": [
      0.0,
      5.0,
      10.0,
      15.0,
      20.0,
      25.0,
      30.0,
      35.0,
      40.0
    ],
    "radii_px": [
      0.0,
      13.199577613516366,
      26.399155227032733,
      39.5987328405491,
      52.798310454065465,
      65.99788806758183,
      79.1974656810982,
      92.39704329461456,
      105.59662090813093
    ]
  },
  "84": {
    "center_y_px": 1017.3918128654971,
    "center_x_px": 893.9415204678363,
    "centroid_um": [
      0.0,
      385.3880187134503,
      338.62504795321644
    ],
    "radii_um": [
      0.0,
      5.0,
      10.0,
      15.0,
      20.0,
      25.0,
      30.0,
      35.0,
      40.0
    ],
    "radii_px": [
      0.0,
      13.199577613516366,
      26.399155227032733,
      39.5987328405491,
      52.798310454065465,
      65.99788806758183,
      79.1974656810982,
      92.39704329461456,
      105.59662090813093
    ]
  },
  "106": {
    "center_y_px": 170.0698689956332,
    "center_x_px": 633.1746724890829,
    "centroid_um": [
      0.0,
      64.42246637554585,
      239.84656593886461
    ],
    "radii_um": [
      0.0,
      5.0,
      10.0,
      15.0,
      20.0,
      25.0,
      30.0,
      35.0,
      40.0
    ],
    "radii_px": [
      0.0,
      13.199577613516366,
      26.399155227032733,
      39.5987328405491,
      52.798310454065465,
      65.99788806758183,
      79.1974656810982,
      92.39704329461456,
      105.59662090813093
    ]
  },
  "112": {
    "center_y_px": 704.3333333333334,
    "center_x_px": 705.830985915493,
    "centroid_um": [
      0.0,
      266.8014666666667,
      267.36877746478876
    ],
    "radii_um": [
      0.0,
      5.0,
      10.0,
      15.0,
      20.0,
      25.0,
      30.0,
      35.0,
      40.0
    ],
    "radii_px": [
      0.0,
      13.199577613516366,
      26.399155227032733,
      39.5987328405491,
      52.798310454065465,
      65.99788806758183,
      79.1974656810982,
      92.39704329461456,
      105.59662090813093
    ]
  },
  "116": {
    "center_y_px": 869.3387096774194,
    "center_x_px": 849.6989247311828,
    "centroid_um": [
      0.0,
      329.3055032258065,
      321.86595268817206
    ],
    "radii_um": [
      0.0,
      5.0,
      10.0,
      15.0,
      20.0,
      25.0,
      30.0,
      35.0,
      40.0
    ],
    "radii_px": [
      0.0,
      13.199577613516366,
      26.399155227032733,
      39.5987328405491,
      52.798310454065465,
      65.99788806758183,
      79.1974656810982,
      92.39704329461456,
      105.59662090813093
    ]
  },
  "124": {
    "center_y_px": 152.20394736842104,
    "center_x_px": 640.0559210526316,
    "centroid_um": [
      0.0,
      57.65485526315789,
      242.45318289473684
    ],
    "radii_um": [
      0.0,
      5.0,
      10.0,
      15.0,
      20.0,
      25.0,
      30.0,
      35.0,
      40.0
    ],
    "radii_px": [
      0.0,
      13.199577613516366,
      26.399155227032733,
      39.5987328405491,
      52.798310454065465,
      65.99788806758183,
      79.1974656810982,
      92.39704329461456,
      105.59662090813093
    ]
  },
  "127": {
    "center_y_px": 168.3677130044843,
    "center_x_px": 659.0179372197309,
    "centroid_um": [
      0.0,
      63.77768968609866,
      249.6359946188341
    ],
    "radii_um": [
      0.0,
      5.0,
      10.0,
      15.0,
      20.0,
      25.0,
      30.0,
      35.0,
      40.0
    ],
    "radii_px": [
      0.0,
      13.199577613516366,
      26.399155227032733,
      39.5987328405491,
      52.798310454065465,
      65.99788806758183,
      79.1974656810982,
      92.39704329461456,
      105.59662090813093
    ]
  },
  "140": {
    "center_y_px": 789.640243902439,
    "center_x_px": 768.189024390244,
    "centroid_um": [
      0.0,
      299.11572439024394,
      290.9900024390244
    ],
    "radii_um": [
      0.0,
      5.0,
      10.0,
      15.0,
      20.0,
      25.0,
      30.0,
      35.0,
      40.0
    ],
    "radii_px": [
      0.0,
      13.199577613516366,
      26.399155227032733,
      39.5987328405491,
      52.798310454065465,
      65.99788806758183,
      79.1974656810982,
      92.39704329461456,
      105.59662090813093
    ]
  },
  "147": {
    "center_y_px": 26.4375,
    "center_x_px": 615.2901785714286,
    "centroid_um": [
      0.0,
      10.014525,
      233.07191964285715
    ],
    "radii_um": [
      0.0,
      5.0,
      10.0,
      15.0,
      20.0,
      25.0,
      30.0,
      35.0,
      40.0
    ],
    "radii_px": [
      0.0,
      13.199577613516366,
      26.399155227032733,
      39.5987328405491,
      52.798310454065465,
      65.99788806758183,
      79.1974656810982,
      92.39704329461456,
      105.59662090813093
    ]
  },
  "159": {
    "center_y_px": 812.8682634730538,
    "center_x_px": 780.8802395209581,
    "centroid_um": [
      0.0,
      307.9144982035928,
      295.79743473053895
    ],
    "radii_um": [
      0.0,
      5.0,
      10.0,
      15.0,
      20.0,
      25.0,
      30.0,
      35.0,
      40.0
    ],