{
  "49": {
    "center_y_px": 363.2083333333333,
    "center_x_px": 912.2743055555555,
    "centroid_um": [
      0.0,
      137.58331666666666,
      345.56950694444447
    ],
    "radii_um": [
      0.0,
      5.0,
      10.0,
      15.0,
      20.0,
      25.0,
      30.0,
      35.0,
      40.0
    ],
    "radii_px": [
      0.0,
      13.199577613516366,
      26.399155227032733,
      39.5987328405491,
      52.798310454065465,
      65.99788806758183,
      79.1974656810982,
      92.39704329461456,
      105.59662090813093
    ]
  },
  "61": {
    "center_y_px": 420.2664233576642,
    "center_x_px": 930.4525547445255,
    "centroid_um": [
      0.0,
      159.19692116788323,
      352.4554277372263
    ],
    "radii_um": [
      0.0,
      5.0,
      10.0,
      15.0,
      20.0,
      25.0,
      30.0,
      35.0,
      40.0
    ],
    "radii_px": [
      0.0,
      13.199577613516366,
      26.399155227032733,
      39.5987328405491,
      52.798310454065465,
      65.99788806758183,
      79.1974656810982,
      92.39704329461456,
      105.59662090813093
    ]
  },
  "65": {
    "center_y_px": 418.0962962962963,
    "center_x_px": 1019.3555555555556,
    "centroid_um": [
      0.0,
      158.37487703703707,
      386.1318844444445
    ],
    "radii_um": [
      0.0,
      5.0,
      10.0,
      15.0,
      20.0,
      25.0,
      30.0,
      35.0,
      40.0
    ],
    "radii_px": [
      0.0,
      13.199577613516366,
      26.399155227032733,
      39.5987328405491,
      52.798310454065465,
      65.99788806758183,
      79.1974656810982,
      92.39704329461456,
      105.59662090813093
    ]
  },
  "71": {
    "center_y_px": 453.413612565445,
    "center_x_px": 889.0523560209424,
    "centroid_um": [
      0.0,
      171.7530764397906,
      336.773032460733
    ],
    "radii_um": [
      0.0,
      5.0,
      10.0,
      15.0,
      20.0,
      25.0,
      30.0,
      35.0,
      40.0
    ],
    "radii_px": [
      0.0,
      13.199577613516366,
      26.399155227032733,
      39.5987328405491,
      52.798310454065465,
      65.99788806758183,
      79.1974656810982,
      92.39704329461456,
      105.59662090813093
    ]
  },
  "79": {
    "center_y_px": 501.68461538461537,
    "center_x_px": 416.74615384615385,
    "centroid_um": [
      0.0,
      190.0381323076923,
      157.8634430769231
    ],
    "radii_um": [
      0.0,
      5.0,
      10.0,
      15.0,
      20.0,
      25.0,
      30.0,
      35.0,
      40.0
    ],
    "radii_px": [
      0.0,
      13.199577613516366,
      26.399155227032733,
      39.5987328405491,
      52.798310454065465,
      65.99788806758183,
      79.1974656810982,
      92.39704329461456,
      105.59662090813093
    ]
  },
  "108": {
    "center_y_px": 660.9654576856649,
    "center_x_px": 615.2141623488774,
    "centroid_um": [
      0.0,
      250.37371537132987,
      233.04312469775476
    ],
    "radii_um": [
      0.0,
      5.0,
      10.0,
      15.0,
      20.0,
      25.0,
      30.0,
      35.0,
      40.0
    ],
    "radii_px": [
      0.0,
      13.199577613516366,
      26.399155227032733,
      39.5987328405491,
      52.798310454065465,
      65.99788806758183,
      79.1974656810982,
      92.39704329461456,
      105.59662090813093
    ]
  },
  "114": {
    "center_y_px": 711.044665012407,
    "center_x_px": 556.7196029776675,
    "centroid_um": [
      0.0,
      269.3437191066998,
      210.88538560794046
    ],
    "radii_um": [
      0.0,
      5.0,
      10.0,
      15.0,
      20.0,
      25.0,
      30.0,
      35.0,
      40.0
    ],
    "radii_px": [
      0.0,
      13.199577613516366,
      26.399155227032733,
      39.5987328405491,
      52.798310454065465,
      65.99788806758183,
      79.1974656810982,
      92.39704329461456,
      105.59662090813093
    ]
  },
  "118": {
    "center_y_px": 737.8660436137071,
    "center_x_px": 491.61993769470405,
    "centroid_um": [
      0.0,
      279.50365732087226,
      186.2256323987539
    ],
    "radii_um": [
      0.0,
      5.0,
      10.0,
      15.0,
      20.0,
      25.0,
      30.0,
      35.0,
      40.0
    ],
    "radii_px": [
      0.0,
      13.199577613516366,
      26.399155227032733,
      39.5987328405491,
      52.798310454065465,
      65.99788806758183,
      79.1974656810982,
      92.39704329461456,
      105.59662090813093
    ]
  },
  "121": {
    "center_y_px": 777.9769230769231,
    "center_x_px": 431.98,
    "centroid_um": [
      0.0,
      294.6976584615385,
      163.634024
    ],
    "radii_um": [
      0.0,
      5.0,
      10.0,
      15.0,
      20.0,
      25.0,
      30.0,
      35.0,
      40.0
    ],
    "radii_px": [
      0.0,
      13.199577613516366,
      26.399155227032733,
      39.5987328405491,
      52.798310454065465,
      65.99788806758183,
      79.1974656810982,
      92.39704329461456,
      105.59662090813093
    ]
  },
  "126": {
    "center_y_px": 801.2012987012987,
    "center_x_px": 368.72727272727275,
    "centroid_um": [
      0.0,
      303.495051948052,
      139.67389090909091
    ],
    "radii_um": [
      0.0,
      5.0,
      10.0,
      15.0,
      20.0,
      25.0,
      30.0,
      35.0,
      40.0
    ],
    "radii_px": [
      0.0,
      13.199577613516366,
      26.399155227032733,
      39.5987328405491,
      52.798310454065465,
      65.99788806758183,
      79.1974656810982,
      92.39704329461456,
      105.59662090813093
    ]
  },
  "133": {
    "center_y_px": 837.2605459057072,
    "center_x_px": 340.9975186104218,
    "centroid_um": [
      0.0,
      317.1542947890819,
      129.1698600496278
    ],
    "radii_um": [
      0.0,
      5.0,
      10.0,
      15.0,
      20.0,
      25.0,
      30.0,
      35.0,
      40.0
    ],
    "radii_px": [
      0.0,
      13.199577613516366,
      26.399155227032733,
      39.5987328405491,
      52.798310454065465,
      65.99788806758183,
      79.1974656810982,
      92.39704329461456,
      105.59662090813093
    ]
  },
  "138": {
    "center_y_px": 849.7462686567164,
    "center_x_px": 317.2686567164179,
    "centroid_um": [
      0.0,
      321.8838865671642,
      120.18136716417912
    ],
    "radii_um": [
      0.0,
      5.0,
      10.0,
      15.0,
      20.0,
      25.0,
      30.0,
      35.0,
      40.0
    ],
    "radii_px": [
      0.0,
      13.199577613516366,
      26.399155227032733,
      39.5987328405491,
      52.798310454065465,
      65.99788806758183,
      79.1974656810982,
      92.39704329461456,
      105.59662090813093
    ]
  },
  "141": {
    "center_y_px": 853.9270833333334,
    "center_x_px": 332.7326388888889,
    "centroid_um": [
      0.0,
      323.4675791666667,
      126.03912361111112
    ],
    "radii_um": [
      0.0,
      5.0,
      10.0,
      15.0,
      20.0,
      25.0,
      30.0,
      35.0,
      40.0
    ],
    "radii_px": [
      0.0,
      13.199577613516366,
      26.399155227032733,
      39.5987328405491,
      52.798310454065465,
      65.99788806758183,
      79.1974656810982,
      92.39704329461456,
      105.59662090813093
    ]
  },
  "144": {
    "center_y_px": 867.6736842105263,
    "center_x_px": 301.5684210526316,
    "centroid_um": [
      0.0,
      328.6747915789474,
      114.23411789473685
    ],
    "radii_um": [
      0.0,
      5.0,
      10.0,
      15.0,
      20.0,
      25.0,
      30.0,
      35.0,
      40.0
    ],
    "radii_px": [
      0.0,
      13.199577613516366,
      26.399155227032733,
      39.5987328405491,
      52.798310454065465,
      65.99788806758183,
      79.1974656810982,
      92.39704329461456,
      105.59662090813093
    ]
  },
  "149": {
    "center_y_px": 898.1550632911392,
    "center_x_px": 219.54746835443038,
    "centroid_um": [
      0.0,
      340.22113797468353,
      83.16458101265823
    ],
    "radii_um": [
      0.0,
      5.0,
      10.0,
      15.0,
      20.0,
      25.0,
      30.0,
      35.0,
      40.0
    ],