{
  "2": {
    "center_y_px": 166.4010152284264,
    "center_x_px": 12.248730964467006,
    "centroid_um": [
      0.0,
      63.03270456852792,
      4.639819289340102
    ],
    "radii_um": [
      0.0,
      5.0,
      10.0,
      15.0,
      20.0,
      25.0,
      30.0,
      35.0,
      40.0
    ],
    "radii_px": [
      0.0,
      13.199577613516366,
      26.399155227032733,
      39.5987328405491,
      52.798310454065465,
      65.99788806758183,
      79.1974656810982,
      92.39704329461456,
      105.59662090813093
    ]
  },
  "4": {
    "center_y_px": 202.21465968586386,
    "center_x_px": 715.3664921465969,
    "centroid_um": [
      0.0,
      76.59891308900524,
      270.9808272251309
    ],
    "radii_um": [
      0.0,
      5.0,
      10.0,
      15.0,
      20.0,
      25.0,
      30.0,
      35.0,
      40.0
    ],
    "radii_px": [
      0.0,
      13.199577613516366,
      26.399155227032733,
      39.5987328405491,
      52.798310454065465,
      65.99788806758183,
      79.1974656810982,
      92.39704329461456,
      105.59662090813093
    ]
  },
  "9": {
    "center_y_px": 260.13375796178343,
    "center_x_px": 377.5031847133758,
    "centroid_um": [
      0.0,
      98.53866751592356,
      142.99820636942675
    ],
    "radii_um": [
      0.0,
      5.0,
      10.0,
      15.0,
      20.0,
      25.0,
      30.0,
      35.0,
      40.0
    ],
    "radii_px": [
      0.0,
      13.199577613516366,
      26.399155227032733,
      39.5987328405491,
      52.798310454065465,
      65.99788806758183,
      79.1974656810982,
      92.39704329461456,
      105.59662090813093
    ]
  },
  "10": {
    "center_y_px": 266.9699570815451,
    "center_x_px": 785.8755364806867,
    "centroid_um": [
      0.0,
      101.12821974248929,
      297.68965321888413
    ],
    "radii_um": [
      0.0,
      5.0,
      10.0,
      15.0,
      20.0,
      25.0,
      30.0,
      35.0,
      40.0
    ],
    "radii_px": [
      0.0,
      13.199577613516366,
      26.399155227032733,
      39.5987328405491,
      52.798310454065465,
      65.99788806758183,
      79.1974656810982,
      92.39704329461456,
      105.59662090813093
    ]
  },
  "110": {
    "center_y_px": 209.8394495412844,
    "center_x_px": 856.8899082568807,
    "centroid_um": [
      0.0,
      79.48718348623854,
      324.58989724770646
    ],
    "radii_um": [
      0.0,
      5.0,
      10.0,
      15.0,
      20.0,
      25.0,
      30.0,
      35.0,
      40.0
    ],
    "radii_px": [
      0.0,
      13.199577613516366,
      26.399155227032733,
      39.5987328405491,
      52.798310454065465,
      65.99788806758183,
      79.1974656810982,
      92.39704329461456,
      105.59662090813093
    ]
  },
  "112": {
    "center_y_px": 395.69268292682926,
    "center_x_px": 743.2439024390244,
    "centroid_um": [
      0.0,
      149.88838829268295,
      281.54079024390245
    ],
    "radii_um": [
      0.0,
      5.0,
      10.0,
      15.0,
      20.0,
      25.0,
      30.0,
      35.0,
      40.0
    ],
    "radii_px": [
      0.0,
      13.199577613516366,
      26.399155227032733,
      39.5987328405491,
      52.798310454065465,
      65.99788806758183,
      79.1974656810982,
      92.39704329461456,
      105.59662090813093
    ]
  },
  "134": {
    "center_y_px": 411.67692307692306,
    "center_x_px": 837.1692307692308,
    "centroid_um": [
      0.0,
      155.94321846153846,
      317.11970461538465
    ],
    "radii_um": [
      0.0,
      5.0,
      10.0,
      15.0,
      20.0,
      25.0,
      30.0,
      35.0,
      40.0
    ],
    "radii_px": [
      0.0,
      13.199577613516366,
      26.399155227032733,
      39.5987328405491,
      52.798310454065465,
      65.99788806758183,
      79.1974656810982,
      92.39704329461456,
      105.59662090813093
    ]
  },
  "152": {
    "center_y_px": 245.69874476987448,
    "center_x_px": 894.4811715481171,
    "centroid_um": [
      0.0,
      93.07068451882846,
      338.8294677824268
    ],
    "radii_um": [
      0.0,
      5.0,
      10.0,
      15.0,
      20.0,
      25.0,
      30.0,
      35.0,
      40.0
    ],
    "radii_px": [
      0.0,
      13.199577613516366,
      26.399155227032733,
      39.5987328405491,
      52.798310454065465,
      65.99788806758183,
      79.1974656810982,
      92.39704329461456,
      105.59662090813093
    ]
  },
  "153": {
    "center_y_px": 353.765625,
    "center_x_px": 776.54296875,
    "centroid_um": [
      0.0,
      134.00641875000002,
      294.1544765625
    ],
    "radii_um": [
      0.0,
      5.0,
      10.0,
      15.0,
      20.0,
      25.0,
      30.0,
      35.0,
      40.0
    ],
    "radii_px": [
      0.0,
      13.199577613516366,
      26.399155227032733,
      39.5987328405491,
      52.798310454065465,
      65.99788806758183,
      79.1974656810982,
      92.39704329461456,
      105.59662090813093
    ]
  },
  "159": {
    "center_y_px": 185.52849740932643,
    "center_x_px": 948.4145077720207,
    "centroid_um": [
      0.0,
      70.27819481865286,
      359.2594155440415
    ],
    "radii_um": [
      0.0,
      5.0,
      10.0,
      15.0,
      20.0,
      25.0,
      30.0,
      35.0,
      40.0
    ],
    "radii_px": [
      0.0,
      13.199577613516366,
      26.399155227032733,
      39.5987328405491,
      52.798310454065465,
      65.99788806758183,
      79.1974656810982,
      92.39704329461456,
      105.59662090813093
    ]
  },
  "160": {
    "center_y_px": 204.1764705882353,
    "center_x_px": 687.1764705882352,
    "centroid_um": [
      0.0,
      77.34204705882354,
      260.30244705882353
    ],
    "radii_um": [
      0.0,
      5.0,
      10.0,
      15.0,
      20.0,
      25.0,
      30.0,
      35.0,
      40.0
    ],
    "radii_px": [
      0.0,
      13.199577613516366,
      26.399155227032733,
      39.5987328405491,
      52.798310454065465,
      65.99788806758183,
      79.1974656810982,
      92.39704329461456,
      105.59662090813093
    ]
  },
  "161": {
    "center_y_px": 212.91397849462365,
    "center_x_px": 883.6021505376344,
    "centroid_um": [
      0.0,
      80.65181505376344,
      334.70849462365595
    ],
    "radii_um": [
      0.0,
      5.0,
      10.0,
      15.0,
      20.0,
      25.0,
      30.0,
      35.0,
      40.0
    ],
    "radii_px": [
      0.0,
      13.199577613516366,
      26.399155227032733,
      39.5987328405491,
      52.798310454065465,
      65.99788806758183,
      79.1974656810982,
      92.39704329461456,
      105.59662090813093
    ]
  },
  "162": {
    "center_y_px": 223.44585987261146,
    "center_x_px": 911.7452229299363,
    "centroid_um": [
      0.0,
      84.64129171974523,
      345.3690904458599
    ],
    "radii_um": [
      0.0,
      5.0,
      10.0,
      15.0,
      20.0,
      25.0,
      30.0,
      35.0,
      40.0
    ],
    "radii_px": [
      0.0,
      13.199577613516366,
      26.399155227032733,
      39.5987328405491,
      52.798310454065465,
      65.99788806758183,
      79.1974656810982,
      92.39704329461456,
      105.59662090813093
    ]
  },
  "163": {
    "center_y_px": 261.7564102564103,
    "center_x_px": 571.3504273504274,
    "centroid_um": [
      0.0,
      99.15332820512822,
      216.4275418803419
    ],
    "radii_um": [
      0.0,
      5.0,
      10.0,
      15.0,
      20.0,
      25.0,
      30.0,
      35.0,
      40.0
    ],
    "radii_px": [
      0.0,
      13.199577613516366,
      26.399155227032733,
      39.5987328405491,
      52.798310454065465,
      65.99788806758183,
      79.1974656810982,
      92.39704329461456,
      105.59662090813093
    ]
  },
  "189": {
    "center_y_px": 206.9,
    "center_x_px": 793.4470588235295,
    "centroid_um": [
      0.0,
      78.37372,
      300.557745882353
    ],
    "radii_um": [
      0.0,
      5.0,
      10.0,
      15.0,
      20.0,
      25.0,
      30.0,
      35.0,
      40.0
    ],