{
  "11": {
    "center_y_px": 95.79530201342281,
    "center_x_px": 264.78187919463085,
    "centroid_um": [
      0.0,
      36.287260402684566,
      100.29937583892617
    ],
    "radii_um": [
      0.0,
      5.0,
      10.0,
      15.0,
      20.0,
      25.0,
      30.0,
      35.0,
      40.0
    ],
    "radii_px": [
      0.0,
      13.199577613516366,
      26.399155227032733,
      39.5987328405491,
      52.798310454065465,
      65.99788806758183,
      79.1974656810982,
      92.39704329461456,
      105.59662090813093
    ]
  },
  "45": {
    "center_y_px": 363.75431034482756,
    "center_x_px": 197.23706896551724,
    "centroid_um": [
      0.0,
      137.7901327586207,
      74.71340172413794
    ],
    "radii_um": [
      0.0,
      5.0,
      10.0,
      15.0,
      20.0,
      25.0,
      30.0,
      35.0,
      40.0
    ],
    "radii_px": [
      0.0,
      13.199577613516366,
      26.399155227032733,
      39.5987328405491,
      52.798310454065465,
      65.99788806758183,
      79.1974656810982,
      92.39704329461456,
      105.59662090813093
    ]
  },
  "66": {
    "center_y_px": 576.4897360703812,
    "center_x_px": 332.2023460410557,
    "centroid_um": [
      0.0,
      218.37431202346042,
      125.83824868035191
    ],
    "radii_um": [
      0.0,
      5.0,
      10.0,
      15.0,
      20.0,
      25.0,
      30.0,
      35.0,
      40.0
    ],
    "radii_px": [
      0.0,
      13.199577613516366,
      26.399155227032733,
      39.5987328405491,
      52.798310454065465,
      65.99788806758183,
      79.1974656810982,
      92.39704329461456,
      105.59662090813093
    ]
  },
  "69": {
    "center_y_px": 590.404432132964,
    "center_x_px": 287.9695290858726,
    "centroid_um": [
      0.0,
      223.64519889196677,
      109.08285761772854
    ],
    "radii_um": [
      0.0,
      5.0,
      10.0,
      15.0,
      20.0,
      25.0,
      30.0,
      35.0,
      40.0
    ],
    "radii_px": [
      0.0,
      13.199577613516366,
      26.399155227032733,
      39.5987328405491,
      52.798310454065465,
      65.99788806758183,
      79.1974656810982,
      92.39704329461456,
      105.59662090813093
    ]
  },
  "79": {
    "center_y_px": 646.2804054054054,
    "center_x_px": 169.5168918918919,
    "centroid_um": [
      0.0,
      244.81101756756757,
      64.21299864864865
    ],
    "radii_um": [
      0.0,
      5.0,
      10.0,
      15.0,
      20.0,
      25.0,
      30.0,
      35.0,
      40.0
    ],
    "radii_px": [
      0.0,
      13.199577613516366,
      26.399155227032733,
      39.5987328405491,
      52.798310454065465,
      65.99788806758183,
      79.1974656810982,
      92.39704329461456,
      105.59662090813093
    ]
  },
  "87": {
    "center_y_px": 669.6689419795222,
    "center_x_px": 180.22184300341297,
    "centroid_um": [
      0.0,
      253.67059522184303,
      68.26803412969284
    ],
    "radii_um": [
      0.0,
      5.0,
      10.0,
      15.0,
      20.0,
      25.0,
      30.0,
      35.0,
      40.0
    ],
    "radii_px": [
      0.0,
      13.199577613516366,
      26.399155227032733,
      39.5987328405491,
      52.798310454065465,
      65.99788806758183,
      79.1974656810982,
      92.39704329461456,
      105.59662090813093
    ]
  },
  "106": {
    "center_y_px": 735.656050955414,
    "center_x_px": 168.42675159235668,
    "centroid_um": [
      0.0,
      278.6665121019108,
      63.800053503184714
    ],
    "radii_um": [
      0.0,
      5.0,
      10.0,
      15.0,
      20.0,
      25.0,
      30.0,
      35.0,
      40.0
    ],
    "radii_px": [
      0.0,
      13.199577613516366,
      26.399155227032733,
      39.5987328405491,
      52.798310454065465,
      65.99788806758183,
      79.1974656810982,
      92.39704329461456,
      105.59662090813093
    ]
  },
  "142": {
    "center_y_px": 921.5361930294906,
    "center_x_px": 181.313672922252,
    "centroid_um": [
      0.0,
      349.0779099195711,
      68.68161930294906
    ],
    "radii_um": [
      0.0,
      5.0,
      10.0,
      15.0,
      20.0,
      25.0,
      30.0,
      35.0,
      40.0
    ],
    "radii_px": [
      0.0,
      13.199577613516366,
      26.399155227032733,
      39.5987328405491,
      52.798310454065465,
      65.99788806758183,
      79.1974656810982,
      92.39704329461456,
      105.59662090813093
    ]
  },
  "149": {
    "center_y_px": 975.3076923076923,
    "center_x_px": 176.1153846153846,
    "centroid_um": [
      0.0,
      369.44655384615385,
      66.7125076923077
    ],
    "radii_um": [
      0.0,
      5.0,
      10.0,
      15.0,
      20.0,
      25.0,
      30.0,
      35.0,
      40.0
    ],
    "radii_px": [
      0.0,
      13.199577613516366,
      26.399155227032733,
      39.5987328405491,
      52.798310454065465,
      65.99788806758183,
      79.1974656810982,
      92.39704329461456,
      105.59662090813093
    ]
  },
  "154": {
    "center_y_px": 1009.3745019920319,
    "center_x_px": 247.68924302788844,
    "centroid_um": [
      0.0,
      382.3510613545817,
      93.82468525896415
    ],
    "radii_um": [
      0.0,
      5.0,
      10.0,
      15.0,
      20.0,
      25.0,
      30.0,
      35.0,
      40.0
    ],
    "radii_px": [
      0.0,
      13.199577613516366,
      26.399155227032733,
      39.5987328405491,
      52.798310454065465,
      65.99788806758183,
      79.1974656810982,
      92.39704329461456,
      105.59662090813093
    ]
  },
  "159": {
    "center_y_px": 1011.7478260869565,
    "center_x_px": 214.6,
    "centroid_um": [
      0.0,
      383.2500765217391,
      81.29048
    ],
    "radii_um": [
      0.0,
      5.0,
      10.0,
      15.0,
      20.0,
      25.0,
      30.0,
      35.0,
      40.0
    ],
    "radii_px": [
      0.0,
      13.199577613516366,
      26.399155227032733,
      39.5987328405491,
      52.798310454065465,
      65.99788806758183,
      79.1974656810982,
      92.39704329461456,
      105.59662090813093
    ]
  },
  "168": {
    "center_y_px": 329.8263665594855,
    "center_x_px": 212.90996784565917,
    "centroid_um": [
      0.0,
      124.93822765273312,
      80.65029581993569
    ],
    "radii_um": [
      0.0,
      5.0,
      10.0,
      15.0,
      20.0,
      25.0,
      30.0,
      35.0,
      40.0
    ],
    "radii_px": [
      0.0,
      13.199577613516366,
      26.399155227032733,
      39.5987328405491,
      52.798310454065465,
      65.99788806758183,
      79.1974656810982,
      92.39704329461456,
      105.59662090813093
    ]
  },
  "174": {
    "center_y_px": 398.8677419354839,
    "center_x_px": 194.33225806451614,
    "centroid_um": [
      0.0,
      151.0911006451613,
      73.61305935483873
    ],
    "radii_um": [
      0.0,
      5.0,
      10.0,
      15.0,
      20.0,
      25.0,
      30.0,
      35.0,
      40.0
    ],
    "radii_px": [
      0.0,
      13.199577613516366,
      26.399155227032733,
      39.5987328405491,
      52.798310454065465,
      65.99788806758183,
      79.1974656810982,
      92.39704329461456,
      105.59662090813093
    ]
  },
  "175": {
    "center_y_px": 422.9130434782609,
    "center_x_px": 191.4648829431438,
    "centroid_um": [
      0.0,
      160.19946086956523,
      72.52689765886288
    ],
    "radii_um": [
      0.0,
      5.0,
      10.0,
      15.0,
      20.0,
      25.0,
      30.0,
      35.0,
      40.0
    ],
    "radii_px": [
      0.0,
      13.199577613516366,
      26.399155227032733,
      39.5987328405491,
      52.798310454065465,
      65.99788806758183,
      79.1974656810982,
      92.39704329461456,
      105.59662090813093
    ]
  },
  "182": {
    "center_y_px": 756.4119850187266,
    "center_x_px": 163.20599250936328,
    "centroid_um": [
      0.0,
      286.5288599250936,
      61.82242996254681
    ],
    "radii_um": [
      0.0,
      5.0,
      10.0,
      15.0,
      20.0,
      25.0,
      30.0,
      35.0,
      40.0
    ],