{
  "39": {
    "center_y_px": 320.4076433121019,
    "center_x_px": 1018.2929936305733,
    "centroid_um": [
      0.0,
      121.37041528662422,
      385.7293859872612
    ],
    "radii_um": [
      0.0,
      5.0,
      10.0,
      15.0,
      20.0,
      25.0,
      30.0,
      35.0,
      40.0
    ],
    "radii_px": [
      0.0,
      13.199577613516366,
      26.399155227032733,
      39.5987328405491,
      52.798310454065465,
      65.99788806758183,
      79.1974656810982,
      92.39704329461456,
      105.59662090813093
    ]
  },
  "42": {
    "center_y_px": 342.5164556962025,
    "center_x_px": 596.9417721518987,
    "centroid_um": [
      0.0,
      129.74523341772152,
      226.12154329113923
    ],
    "radii_um": [
      0.0,
      5.0,
      10.0,
      15.0,
      20.0,
      25.0,
      30.0,
      35.0,
      40.0
    ],
    "radii_px": [
      0.0,
      13.199577613516366,
      26.399155227032733,
      39.5987328405491,
      52.798310454065465,
      65.99788806758183,
      79.1974656810982,
      92.39704329461456,
      105.59662090813093
    ]
  },
  "43": {
    "center_y_px": 336.2591362126246,
    "center_x_px": 1006.1196013289036,
    "centroid_um": [
      0.0,
      127.3749607973422,
      381.1181049833887
    ],
    "radii_um": [
      0.0,
      5.0,
      10.0,
      15.0,
      20.0,
      25.0,
      30.0,
      35.0,
      40.0
    ],
    "radii_px": [
      0.0,
      13.199577613516366,
      26.399155227032733,
      39.5987328405491,
      52.798310454065465,
      65.99788806758183,
      79.1974656810982,
      92.39704329461456,
      105.59662090813093
    ]
  },
  "45": {
    "center_y_px": 361.56272401433694,
    "center_x_px": 931.673835125448,
    "centroid_um": [
      0.0,
      136.95995985663083,
      352.91804874551974
    ],
    "radii_um": [
      0.0,
      5.0,
      10.0,
      15.0,
      20.0,
      25.0,
      30.0,
      35.0,
      40.0
    ],
    "radii_px": [
      0.0,
      13.199577613516366,
      26.399155227032733,
      39.5987328405491,
      52.798310454065465,
      65.99788806758183,
      79.1974656810982,
      92.39704329461456,
      105.59662090813093
    ]
  },
  "53": {
    "center_y_px": 406.8106666666667,
    "center_x_px": 944.672,
    "centroid_um": [
      0.0,
      154.09988053333336,
      357.84175360000006
    ],
    "radii_um": [
      0.0,
      5.0,
      10.0,
      15.0,
      20.0,
      25.0,
      30.0,
      35.0,
      40.0
    ],
    "radii_px": [
      0.0,
      13.199577613516366,
      26.399155227032733,
      39.5987328405491,
      52.798310454065465,
      65.99788806758183,
      79.1974656810982,
      92.39704329461456,
      105.59662090813093
    ]
  },
  "57": {
    "center_y_px": 435.76153846153846,
    "center_x_px": 911.5307692307692,
    "centroid_um": [
      0.0,
      165.0664707692308,
      345.2878553846154
    ],
    "radii_um": [
      0.0,
      5.0,
      10.0,
      15.0,
      20.0,
      25.0,
      30.0,
      35.0,
      40.0
    ],
    "radii_px": [
      0.0,
      13.199577613516366,
      26.399155227032733,
      39.5987328405491,
      52.798310454065465,
      65.99788806758183,
      79.1974656810982,
      92.39704329461456,
      105.59662090813093
    ]
  },
  "80": {
    "center_y_px": 575.5,
    "center_x_px": 776.8053435114504,
    "centroid_um": [
      0.0,
      217.9994,
      294.25386412213743
    ],
    "radii_um": [
      0.0,
      5.0,
      10.0,
      15.0,
      20.0,
      25.0,
      30.0,
      35.0,
      40.0
    ],
    "radii_px": [
      0.0,
      13.199577613516366,
      26.399155227032733,
      39.5987328405491,
      52.798310454065465,
      65.99788806758183,
      79.1974656810982,
      92.39704329461456,
      105.59662090813093
    ]
  },
  "81": {
    "center_y_px": 562.5117056856187,
    "center_x_px": 785.6923076923077,
    "centroid_um": [
      0.0,
      213.07943411371238,
      297.6202461538462
    ],
    "radii_um": [
      0.0,
      5.0,
      10.0,
      15.0,
      20.0,
      25.0,
      30.0,
      35.0,
      40.0
    ],
    "radii_px": [
      0.0,
      13.199577613516366,
      26.399155227032733,
      39.5987328405491,
      52.798310454065465,
      65.99788806758183,
      79.1974656810982,
      92.39704329461456,
      105.59662090813093
    ]
  },
  "87": {
    "center_y_px": 595.4364261168384,
    "center_x_px": 626.9690721649484,
    "centroid_um": [
      0.0,
      225.5513182130584,
      237.49588453608249
    ],
    "radii_um": [
      0.0,
      5.0,
      10.0,
      15.0,
      20.0,
      25.0,
      30.0,
      35.0,
      40.0
    ],
    "radii_px": [
      0.0,
      13.199577613516366,
      26.399155227032733,
      39.5987328405491,
      52.798310454065465,
      65.99788806758183,
      79.1974656810982,
      92.39704329461456,
      105.59662090813093
    ]
  },
  "97": {
    "center_y_px": 629.066371681416,
    "center_x_px": 764.9557522123894,
    "centroid_um": [
      0.0,
      238.29034159292038,
      289.76523893805313
    ],
    "radii_um": [
      0.0,
      5.0,
      10.0,
      15.0,
      20.0,
      25.0,
      30.0,
      35.0,
      40.0
    ],
    "radii_px": [
      0.0,
      13.199577613516366,
      26.399155227032733,
      39.5987328405491,
      52.798310454065465,
      65.99788806758183,
      79.1974656810982,
      92.39704329461456,
      105.59662090813093
    ]
  },
  "100": {
    "center_y_px": 663.047619047619,
    "center_x_px": 768.6571428571428,
    "centroid_um": [
      0.0,
      251.16243809523812,
      291.1673257142857
    ],
    "radii_um": [
      0.0,
      5.0,
      10.0,
      15.0,
      20.0,
      25.0,
      30.0,
      35.0,
      40.0
    ],
    "radii_px": [
      0.0,
      13.199577613516366,
      26.399155227032733,
      39.5987328405491,
      52.798310454065465,
      65.99788806758183,
      79.1974656810982,
      92.39704329461456,
      105.59662090813093
    ]
  },
  "103": {
    "center_y_px": 678.0240963855422,
    "center_x_px": 730.7530120481928,
    "centroid_um": [
      0.0,
      256.8355277108434,
      276.8092409638554
    ],
    "radii_um": [
      0.0,
      5.0,
      10.0,
      15.0,
      20.0,
      25.0,
      30.0,
      35.0,
      40.0
    ],
    "radii_px": [
      0.0,
      13.199577613516366,
      26.399155227032733,
      39.5987328405491,
      52.798310454065465,
      65.99788806758183,
      79.1974656810982,
      92.39704329461456,
      105.59662090813093
    ]
  },
  "105": {
    "center_y_px": 688.8042328042328,
    "center_x_px": 733.0846560846561,
    "centroid_um": [
      0.0,
      260.9190433862434,
      277.69246772486775
    ],
    "radii_um": [
      0.0,
      5.0,
      10.0,
      15.0,
      20.0,
      25.0,
      30.0,
      35.0,
      40.0
    ],
    "radii_px": [
      0.0,
      13.199577613516366,
      26.399155227032733,
      39.5987328405491,
      52.798310454065465,
      65.99788806758183,
      79.1974656810982,
      92.39704329461456,
      105.59662090813093
    ]
  },
  "110": {
    "center_y_px": 710.9404761904761,
    "center_x_px": 706.6507936507936,
    "centroid_um": [
      0.0,
      269.3042523809524,
      267.67932063492066
    ],
    "radii_um": [
      0.0,
      5.0,
      10.0,
      15.0,
      20.0,
      25.0,
      30.0,
      35.0,
      40.0
    ],
    "radii_px": [
      0.0,
      13.199577613516366,
      26.399155227032733,
      39.5987328405491,
      52.798310454065465,
      65.99788806758183,
      79.1974656810982,
      92.39704329461456,
      105.59662090813093
    ]
  },
  "138": {
    "center_y_px": 829.3283582089553,
    "center_x_px": 633.1442786069651,
    "centroid_um": [
      0.0,
      314.14958208955227,
      239.8350527363184
    ],
    "radii_um": [
      0.0,
      5.0,
      10.0,
      15.0,
      20.0,
      25.0,
      30.0,
      35.0,
      40.0
    ],