{
  "64": {
    "center_y_px": 492.43724696356276,
    "center_x_px": 203.2914979757085,
    "centroid_um": [
      0.0,
      186.53522914979757,
      77.00681943319839
    ],
    "radii_um": [
      0.0,
      5.0,
      10.0,
      15.0,
      20.0,
      25.0,
      30.0,
      35.0,
      40.0
    ],
    "radii_px": [
      0.0,
      13.199577613516366,
      26.399155227032733,
      39.5987328405491,
      52.798310454065465,
      65.99788806758183,
      79.1974656810982,
      92.39704329461456,
      105.59662090813093
    ]
  },
  "65": {
    "center_y_px": 493.4189602446483,
    "center_x_px": 220.03975535168195,
    "centroid_um": [
      0.0,
      186.90710214067278,
      83.35105932721713
    ],
    "radii_um": [
      0.0,
      5.0,
      10.0,
      15.0,
      20.0,
      25.0,
      30.0,
      35.0,
      40.0
    ],
    "radii_px": [
      0.0,
      13.199577613516366,
      26.399155227032733,
      39.5987328405491,
      52.798310454065465,
      65.99788806758183,
      79.1974656810982,
      92.39704329461456,
      105.59662090813093
    ]
  },
  "66": {
    "center_y_px": 496.6953642384106,
    "center_x_px": 4.105960264900662,
    "centroid_um": [
      0.0,
      188.14820397350994,
      1.5553377483443709
    ],
    "radii_um": [
      0.0,
      5.0,
      10.0,
      15.0,
      20.0,
      25.0,
      30.0,
      35.0,
      40.0
    ],
    "radii_px": [
      0.0,
      13.199577613516366,
      26.399155227032733,
      39.5987328405491,
      52.798310454065465,
      65.99788806758183,
      79.1974656810982,
      92.39704329461456,
      105.59662090813093
    ]
  },
  "72": {
    "center_y_px": 529.7450980392157,
    "center_x_px": 4.0588235294117645,
    "centroid_um": [
      0.0,
      200.6674431372549,
      1.5374823529411765
    ],
    "radii_um": [
      0.0,
      5.0,
      10.0,
      15.0,
      20.0,
      25.0,
      30.0,
      35.0,
      40.0
    ],
    "radii_px": [
      0.0,
      13.199577613516366,
      26.399155227032733,
      39.5987328405491,
      52.798310454065465,
      65.99788806758183,
      79.1974656810982,
      92.39704329461456,
      105.59662090813093
    ]
  },
  "77": {
    "center_y_px": 575.3103448275862,
    "center_x_px": 18.298850574712645,
    "centroid_um": [
      0.0,
      217.92755862068967,
      6.931604597701151
    ],
    "radii_um": [
      0.0,
      5.0,
      10.0,
      15.0,
      20.0,
      25.0,
      30.0,
      35.0,
      40.0
    ],
    "radii_px": [
      0.0,
      13.199577613516366,
      26.399155227032733,
      39.5987328405491,
      52.798310454065465,
      65.99788806758183,
      79.1974656810982,
      92.39704329461456,
      105.59662090813093
    ]
  },
  "79": {
    "center_y_px": 588.216,
    "center_x_px": 19.512,
    "centroid_um": [
      0.0,
      222.81622080000002,
      7.391145600000001
    ],
    "radii_um": [
      0.0,
      5.0,
      10.0,
      15.0,
      20.0,
      25.0,
      30.0,
      35.0,
      40.0
    ],
    "radii_px": [
      0.0,
      13.199577613516366,
      26.399155227032733,
      39.5987328405491,
      52.798310454065465,
      65.99788806758183,
      79.1974656810982,
      92.39704329461456,
      105.59662090813093
    ]
  },
  "80": {
    "center_y_px": 594.9128919860627,
    "center_x_px": 33.11149825783972,
    "centroid_um": [
      0.0,
      225.35300348432057,
      12.542635540069687
    ],
    "radii_um": [
      0.0,
      5.0,
      10.0,
      15.0,
      20.0,
      25.0,
      30.0,
      35.0,
      40.0
    ],
    "radii_px": [
      0.0,
      13.199577613516366,
      26.399155227032733,
      39.5987328405491,
      52.798310454065465,
      65.99788806758183,
      79.1974656810982,
      92.39704329461456,
      105.59662090813093
    ]
  },
  "95": {
    "center_y_px": 671.6694560669456,
    "center_x_px": 87.25941422594143,
    "centroid_um": [
      0.0,
      254.42838995815902,
      33.053866108786615
    ],
    "radii_um": [
      0.0,
      5.0,
      10.0,
      15.0,
      20.0,
      25.0,
      30.0,
      35.0,
      40.0
    ],
    "radii_px": [
      0.0,
      13.199577613516366,
      26.399155227032733,
      39.5987328405491,
      52.798310454065465,
      65.99788806758183,
      79.1974656810982,
      92.39704329461456,
      105.59662090813093
    ]
  },
  "100": {
    "center_y_px": 704.3087431693989,
    "center_x_px": 269.4672131147541,
    "centroid_um": [
      0.0,
      266.79215191256833,
      102.07418032786886
    ],
    "radii_um": [
      0.0,
      5.0,
      10.0,
      15.0,
      20.0,
      25.0,
      30.0,
      35.0,
      40.0
    ],
    "radii_px": [
      0.0,
      13.199577613516366,
      26.399155227032733,
      39.5987328405491,
      52.798310454065465,
      65.99788806758183,
      79.1974656810982,
      92.39704329461456,
      105.59662090813093
    ]
  },
  "101": {
    "center_y_px": 705.0206896551724,
    "center_x_px": 111.1,
    "centroid_um": [
      0.0,
      267.06183724137935,
      42.08468
    ],
    "radii_um": [
      0.0,
      5.0,
      10.0,
      15.0,
      20.0,
      25.0,
      30.0,
      35.0,
      40.0
    ],
    "radii_px": [
      0.0,
      13.199577613516366,
      26.399155227032733,
      39.5987328405491,
      52.798310454065465,
      65.99788806758183,
      79.1974656810982,
      92.39704329461456,
      105.59662090813093
    ]
  },
  "105": {
    "center_y_px": 738.1751592356688,
    "center_x_px": 134.36624203821657,
    "centroid_um": [
      0.0,
      279.6207503184714,
      50.89793248407644
    ],
    "radii_um": [
      0.0,
      5.0,
      10.0,
      15.0,
      20.0,
      25.0,
      30.0,
      35.0,
      40.0
    ],
    "radii_px": [
      0.0,
      13.199577613516366,
      26.399155227032733,
      39.5987328405491,
      52.798310454065465,
      65.99788806758183,
      79.1974656810982,
      92.39704329461456,
      105.59662090813093
    ]
  },
  "112": {
    "center_y_px": 803.9466666666667,
    "center_x_px": 175.50666666666666,
    "centroid_um": [
      0.0,
      304.53499733333337,
      66.48192533333334
    ],
    "radii_um": [
      0.0,
      5.0,
      10.0,
      15.0,
      20.0,
      25.0,
      30.0,
      35.0,
      40.0
    ],
    "radii_px": [
      0.0,
      13.199577613516366,
      26.399155227032733,
      39.5987328405491,
      52.798310454065465,
      65.99788806758183,
      79.1974656810982,
      92.39704329461456,
      105.59662090813093
    ]
  },
  "113": {
    "center_y_px": 813.2649253731344,
    "center_x_px": 186.69402985074626,
    "centroid_um": [
      0.0,
      308.06475373134333,
      70.7196985074627
    ],
    "radii_um": [
      0.0,
      5.0,
      10.0,
      15.0,
      20.0,
      25.0,
      30.0,
      35.0,
      40.0
    ],
    "radii_px": [
      0.0,
      13.199577613516366,
      26.399155227032733,
      39.5987328405491,
      52.798310454065465,
      65.99788806758183,
      79.1974656810982,
      92.39704329461456,
      105.59662090813093
    ]
  },
  "114": {
    "center_y_px": 837.5929487179487,
    "center_x_px": 189.14743589743588,
    "centroid_um": [
      0.0,
      317.280208974359,
      71.64904871794872
    ],
    "radii_um": [
      0.0,
      5.0,
      10.0,
      15.0,
      20.0,
      25.0,
      30.0,
      35.0,
      40.0
    ],
    "radii_px": [
      0.0,
      13.199577613516366,
      26.399155227032733,
      39.5987328405491,
      52.798310454065465,
      65.99788806758183,
      79.1974656810982,
      92.39704329461456,
      105.59662090813093
    ]
  },
  "123": {
    "center_y_px": 927.1810810810811,
    "center_x_px": 490.03783783783786,
    "centroid_um": [
      0.0,
      351.21619351351353,
      185.626332972973
    ],
    "radii_um": [
      0.0,
      5.0,
      10.0,
      15.0,
      20.0,
      25.0,
      30.0,
      35.0,
      40.0
    ],