{
  "2": {
    "center_y_px": 20.975409836065573,
    "center_x_px": 659.0327868852459,
    "centroid_um": [
      0.0,
      7.94548524590164,
      249.64161967213116
    ],
    "radii_um": [
      0.0,
      5.0,
      10.0,
      15.0,
      20.0,
      25.0,
      30.0,
      35.0,
      40.0
    ],
    "radii_px": [
      0.0,
      13.199577613516366,
      26.399155227032733,
      39.5987328405491,
      52.798310454065465,
      65.99788806758183,
      79.1974656810982,
      92.39704329461456,
      105.59662090813093
    ]
  },
  "3": {
    "center_y_px": 28.82741116751269,
    "center_x_px": 452.6497461928934,
    "centroid_um": [
      0.0,
      10.919823350253807,
      171.46372385786805
    ],
    "radii_um": [
      0.0,
      5.0,
      10.0,
      15.0,
      20.0,
      25.0,
      30.0,
      35.0,
      40.0
    ],
    "radii_px": [
      0.0,
      13.199577613516366,
      26.399155227032733,
      39.5987328405491,
      52.798310454065465,
      65.99788806758183,
      79.1974656810982,
      92.39704329461456,
      105.59662090813093
    ]
  },
  "6": {
    "center_y_px": 57.175257731958766,
    "center_x_px": 421.680412371134,
    "centroid_um": [
      0.0,
      21.657987628865982,
      159.73254020618558
    ],
    "radii_um": [
      0.0,
      5.0,
      10.0,
      15.0,
      20.0,
      25.0,
      30.0,
      35.0,
      40.0
    ],
    "radii_px": [
      0.0,
      13.199577613516366,
      26.399155227032733,
      39.5987328405491,
      52.798310454065465,
      65.99788806758183,
      79.1974656810982,
      92.39704329461456,
      105.59662090813093
    ]
  },
  "8": {
    "center_y_px": 69.17596566523605,
    "center_x_px": 395.55364806866953,
    "centroid_um": [
      0.0,
      26.203855793991416,
      149.83572188841202
    ],
    "radii_um": [
      0.0,
      5.0,
      10.0,
      15.0,
      20.0,
      25.0,
      30.0,
      35.0,
      40.0
    ],
    "radii_px": [
      0.0,
      13.199577613516366,
      26.399155227032733,
      39.5987328405491,
      52.798310454065465,
      65.99788806758183,
      79.1974656810982,
      92.39704329461456,
      105.59662090813093
    ]
  },
  "11": {
    "center_y_px": 104.01273885350318,
    "center_x_px": 656.7133757961783,
    "centroid_um": [
      0.0,
      39.400025477707004,
      248.76302675159235
    ],
    "radii_um": [
      0.0,
      5.0,
      10.0,
      15.0,
      20.0,
      25.0,
      30.0,
      35.0,
      40.0
    ],
    "radii_px": [
      0.0,
      13.199577613516366,
      26.399155227032733,
      39.5987328405491,
      52.798310454065465,
      65.99788806758183,
      79.1974656810982,
      92.39704329461456,
      105.59662090813093
    ]
  },
  "28": {
    "center_y_px": 243.97590361445782,
    "center_x_px": 338.06024096385545,
    "centroid_um": [
      0.0,
      92.41807228915663,
      128.05721927710846
    ],
    "radii_um": [
      0.0,
      5.0,
      10.0,
      15.0,
      20.0,
      25.0,
      30.0,
      35.0,
      40.0
    ],
    "radii_px": [
      0.0,
      13.199577613516366,
      26.399155227032733,
      39.5987328405491,
      52.798310454065465,
      65.99788806758183,
      79.1974656810982,
      92.39704329461456,
      105.59662090813093
    ]
  },
  "42": {
    "center_y_px": 363.2330508474576,
    "center_x_px": 588.9618644067797,
    "centroid_um": [
      0.0,
      137.59267966101694,
      223.09875423728815
    ],
    "radii_um": [
      0.0,
      5.0,
      10.0,
      15.0,
      20.0,
      25.0,
      30.0,
      35.0,
      40.0
    ],
    "radii_px": [
      0.0,
      13.199577613516366,
      26.399155227032733,
      39.5987328405491,
      52.798310454065465,
      65.99788806758183,
      79.1974656810982,
      92.39704329461456,
      105.59662090813093
    ]
  },
  "44": {
    "center_y_px": 379.4959677419355,
    "center_x_px": 398.883064516129,
    "centroid_um": [
      0.0,
      143.75307258064518,
      151.0969048387097
    ],
    "radii_um": [
      0.0,
      5.0,
      10.0,
      15.0,
      20.0,
      25.0,
      30.0,
      35.0,
      40.0
    ],
    "radii_px": [
      0.0,
      13.199577613516366,
      26.399155227032733,
      39.5987328405491,
      52.798310454065465,
      65.99788806758183,
      79.1974656810982,
      92.39704329461456,
      105.59662090813093
    ]
  },
  "68": {
    "center_y_px": 533.685393258427,
    "center_x_px": 88.20224719101124,
    "centroid_um": [
      0.0,
      202.16002696629215,
      33.41101123595506
    ],
    "radii_um": [
      0.0,
      5.0,
      10.0,
      15.0,
      20.0,
      25.0,
      30.0,
      35.0,
      40.0
    ],
    "radii_px": [
      0.0,
      13.199577613516366,
      26.399155227032733,
      39.5987328405491,
      52.798310454065465,
      65.99788806758183,
      79.1974656810982,
      92.39704329461456,
      105.59662090813093
    ]
  },
  "69": {
    "center_y_px": 537.0421686746988,
    "center_x_px": 45.0,
    "centroid_um": [
      0.0,
      203.43157349397592,
      17.046
    ],
    "radii_um": [
      0.0,
      5.0,
      10.0,
      15.0,
      20.0,
      25.0,
      30.0,
      35.0,
      40.0
    ],
    "radii_px": [
      0.0,
      13.199577613516366,
      26.399155227032733,
      39.5987328405491,
      52.798310454065465,
      65.99788806758183,
      79.1974656810982,
      92.39704329461456,
      105.59662090813093
    ]
  },
  "74": {
    "center_y_px": 560.3636363636364,
    "center_x_px": 27.53939393939394,
    "centroid_um": [
      0.0,
      212.26574545454548,
      10.431922424242424
    ],
    "radii_um": [
      0.0,
      5.0,
      10.0,
      15.0,
      20.0,
      25.0,
      30.0,
      35.0,
      40.0
    ],
    "radii_px": [
      0.0,
      13.199577613516366,
      26.399155227032733,
      39.5987328405491,
      52.798310454065465,
      65.99788806758183,
      79.1974656810982,
      92.39704329461456,
      105.59662090813093
    ]
  },
  "87": {
    "center_y_px": 605.2179930795847,
    "center_x_px": 20.10726643598616,
    "centroid_um": [
      0.0,
      229.2565757785467,
      7.616632525951557
    ],
    "radii_um": [
      0.0,
      5.0,
      10.0,
      15.0,
      20.0,
      25.0,
      30.0,
      35.0,
      40.0
    ],
    "radii_px": [
      0.0,
      13.199577613516366,
      26.399155227032733,
      39.5987328405491,
      52.798310454065465,
      65.99788806758183,
      79.1974656810982,
      92.39704329461456,
      105.59662090813093
    ]
  },
  "88": {
    "center_y_px": 606.8305084745763,
    "center_x_px": 165.29378531073445,
    "centroid_um": [
      0.0,
      229.86739661016952,
      62.61328587570621
    ],
    "radii_um": [
      0.0,
      5.0,
      10.0,
      15.0,
      20.0,
      25.0,
      30.0,
      35.0,
      40.0
    ],
    "radii_px": [
      0.0,
      13.199577613516366,
      26.399155227032733,
      39.5987328405491,
      52.798310454065465,
      65.99788806758183,
      79.1974656810982,
      92.39704329461456,
      105.59662090813093
    ]
  },
  "151": {
    "center_y_px": 28.330645161290324,
    "center_x_px": 567.0524193548387,
    "centroid_um": [
      0.0,
      10.731648387096776,
      214.7994564516129
    ],
    "radii_um": [
      0.0,
      5.0,
      10.0,
      15.0,
      20.0,
      25.0,
      30.0,
      35.0,
      40.0
    ],
    "radii_px": [
      0.0,
      13.199577613516366,
      26.399155227032733,
      39.5987328405491,
      52.798310454065465,
      65.99788806758183,
      79.1974656810982,
      92.39704329461456,
      105.59662090813093
    ]
  },
  "152": {
    "center_y_px": 206.6780487804878,
    "center_x_px": 284.8829268292683,
    "centroid_um": [
      0.0,
      78.28964487804879,
      107.91365268292684
    ],
    "radii_um": [
      0.0,
      5.0,
      10.0,
      15.0,
      20.0,
      25.0,
      30.0,
      35.0,
      40.0
    ],