{
  "2": {
    "center_y_px": 38.85294117647059,
    "center_x_px": 356.80882352941177,
    "centroid_um": [
      0.0,
      14.717494117647059,
      135.15918235294117
    ],
    "radii_um": [
      0.0,
      5.0,
      10.0,
      15.0,
      20.0,
      25.0,
      30.0,
      35.0,
      40.0
    ],
    "radii_px": [
      0.0,
      13.199577613516366,
      26.399155227032733,
      39.5987328405491,
      52.798310454065465,
      65.99788806758183,
      79.1974656810982,
      92.39704329461456,
      105.59662090813093
    ]
  },
  "5": {
    "center_y_px": 70.90551181102362,
    "center_x_px": 337.5275590551181,
    "centroid_um": [
      0.0,
      26.85900787401575,
      127.85543937007874
    ],
    "radii_um": [
      0.0,
      5.0,
      10.0,
      15.0,
      20.0,
      25.0,
      30.0,
      35.0,
      40.0
    ],
    "radii_px": [
      0.0,
      13.199577613516366,
      26.399155227032733,
      39.5987328405491,
      52.798310454065465,
      65.99788806758183,
      79.1974656810982,
      92.39704329461456,
      105.59662090813093
    ]
  },
  "39": {
    "center_y_px": 267.6881028938907,
    "center_x_px": 379.8617363344051,
    "centroid_um": [
      0.0,
      101.4002533762058,
      143.89162572347266
    ],
    "radii_um": [
      0.0,
      5.0,
      10.0,
      15.0,
      20.0,
      25.0,
      30.0,
      35.0,
      40.0
    ],
    "radii_px": [
      0.0,
      13.199577613516366,
      26.399155227032733,
      39.5987328405491,
      52.798310454065465,
      65.99788806758183,
      79.1974656810982,
      92.39704329461456,
      105.59662090813093
    ]
  },
  "41": {
    "center_y_px": 266.8130841121495,
    "center_x_px": 354.55607476635515,
    "centroid_um": [
      0.0,
      101.06879626168224,
      134.30584112149535
    ],
    "radii_um": [
      0.0,
      5.0,
      10.0,
      15.0,
      20.0,
      25.0,
      30.0,
      35.0,
      40.0
    ],
    "radii_px": [
      0.0,
      13.199577613516366,
      26.399155227032733,
      39.5987328405491,
      52.798310454065465,
      65.99788806758183,
      79.1974656810982,
      92.39704329461456,
      105.59662090813093
    ]
  },
  "49": {
    "center_y_px": 328.4107142857143,
    "center_x_px": 217.29464285714286,
    "centroid_um": [
      0.0,
      124.40197857142857,
      82.31121071428572
    ],
    "radii_um": [
      0.0,
      5.0,
      10.0,
      15.0,
      20.0,
      25.0,
      30.0,
      35.0,
      40.0
    ],
    "radii_px": [
      0.0,
      13.199577613516366,
      26.399155227032733,
      39.5987328405491,
      52.798310454065465,
      65.99788806758183,
      79.1974656810982,
      92.39704329461456,
      105.59662090813093
    ]
  },
  "53": {
    "center_y_px": 349.3666666666667,
    "center_x_px": 204.39333333333335,
    "centroid_um": [
      0.0,
      132.34009333333336,
      77.42419466666668
    ],
    "radii_um": [
      0.0,
      5.0,
      10.0,
      15.0,
      20.0,
      25.0,
      30.0,
      35.0,
      40.0
    ],
    "radii_px": [
      0.0,
      13.199577613516366,
      26.399155227032733,
      39.5987328405491,
      52.798310454065465,
      65.99788806758183,
      79.1974656810982,
      92.39704329461456,
      105.59662090813093
    ]
  },
  "60": {
    "center_y_px": 381.4354066985646,
    "center_x_px": 192.9665071770335,
    "centroid_um": [
      0.0,
      144.48773205741628,
      73.0957129186603
    ],
    "radii_um": [
      0.0,
      5.0,
      10.0,
      15.0,
      20.0,
      25.0,
      30.0,
      35.0,
      40.0
    ],
    "radii_px": [
      0.0,
      13.199577613516366,
      26.399155227032733,
      39.5987328405491,
      52.798310454065465,
      65.99788806758183,
      79.1974656810982,
      92.39704329461456,
      105.59662090813093
    ]
  },
  "61": {
    "center_y_px": 388.2176165803109,
    "center_x_px": 344.77720207253884,
    "centroid_um": [
      0.0,
      147.05683316062178,
      130.60160414507772
    ],
    "radii_um": [
      0.0,
      5.0,
      10.0,
      15.0,
      20.0,
      25.0,
      30.0,
      35.0,
      40.0
    ],
    "radii_px": [
      0.0,
      13.199577613516366,
      26.399155227032733,
      39.5987328405491,
      52.798310454065465,
      65.99788806758183,
      79.1974656810982,
      92.39704329461456,
      105.59662090813093
    ]
  },
  "69": {
    "center_y_px": 418.4046511627907,
    "center_x_px": 193.74883720930234,
    "centroid_um": [
      0.0,
      158.49168186046512,
      73.39205953488373
    ],
    "radii_um": [
      0.0,
      5.0,
      10.0,
      15.0,
      20.0,
      25.0,
      30.0,
      35.0,
      40.0
    ],
    "radii_px": [
      0.0,
      13.199577613516366,
      26.399155227032733,
      39.5987328405491,
      52.798310454065465,
      65.99788806758183,
      79.1974656810982,
      92.39704329461456,
      105.59662090813093
    ]
  },
  "78": {
    "center_y_px": 473.44931506849315,
    "center_x_px": 289.3835616438356,
    "centroid_um": [
      0.0,
      179.3426005479452,
      109.61849315068494
    ],
    "radii_um": [
      0.0,
      5.0,
      10.0,
      15.0,
      20.0,
      25.0,
      30.0,
      35.0,
      40.0
    ],
    "radii_px": [
      0.0,
      13.199577613516366,
      26.399155227032733,
      39.5987328405491,
      52.798310454065465,
      65.99788806758183,
      79.1974656810982,
      92.39704329461456,
      105.59662090813093
    ]
  },
  "86": {
    "center_y_px": 483.4166666666667,
    "center_x_px": 342.1111111111111,
    "centroid_um": [
      0.0,
      183.11823333333336,
      129.59168888888888
    ],
    "radii_um": [
      0.0,
      5.0,
      10.0,
      15.0,
      20.0,
      25.0,
      30.0,
      35.0,
      40.0
    ],
    "radii_px": [
      0.0,
      13.199577613516366,
      26.399155227032733,
      39.5987328405491,
      52.798310454065465,
      65.99788806758183,
      79.1974656810982,
      92.39704329461456,
      105.59662090813093
    ]
  },
  "96": {
    "center_y_px": 526.3535714285714,
    "center_x_px": 181.02142857142857,
    "centroid_um": [
      0.0,
      199.38273285714286,
      68.57091714285714
    ],
    "radii_um": [
      0.0,
      5.0,
      10.0,
      15.0,
      20.0,
      25.0,
      30.0,
      35.0,
      40.0
    ],
    "radii_px": [
      0.0,
      13.199577613516366,
      26.399155227032733,
      39.5987328405491,
      52.798310454065465,
      65.99788806758183,
      79.1974656810982,
      92.39704329461456,
      105.59662090813093
    ]
  },
  "98": {
    "center_y_px": 531.0526315789474,
    "center_x_px": 162.21052631578948,
    "centroid_um": [
      0.0,
      201.1627368421053,
      61.44534736842106
    ],
    "radii_um": [
      0.0,
      5.0,
      10.0,
      15.0,
      20.0,
      25.0,
      30.0,
      35.0,
      40.0
    ],
    "radii_px": [
      0.0,
      13.199577613516366,
      26.399155227032733,
      39.5987328405491,
      52.798310454065465,
      65.99788806758183,
      79.1974656810982,
      92.39704329461456,
      105.59662090813093
    ]
  },
  "100": {
    "center_y_px": 548.4493670886076,
    "center_x_px": 126.77215189873418,
    "centroid_um": [
      0.0,
      207.75262025316457,
      48.02129113924051
    ],
    "radii_um": [
      0.0,
      5.0,
      10.0,
      15.0,
      20.0,
      25.0,
      30.0,
      35.0,
      40.0
    ],
    "radii_px": [
      0.0,
      13.199577613516366,
      26.399155227032733,
      39.5987328405491,
      52.798310454065465,
      65.99788806758183,
      79.1974656810982,
      92.39704329461456,
      105.59662090813093
    ]
  },
  "114": {
    "center_y_px": 647.76,
    "center_x_px": 146.29777777777778,
    "centroid_um": [
      0.0,
      245.371488,
      55.417598222222225
    ],
    "radii_um": [
      0.0,
      5.0,
      10.0,
      15.0,
      20.0,
      25.0,
      30.0,
      35.0,
      40.0
    ],