{
  "36": {
    "center_y_px": 199.41860465116278,
    "center_x_px": 271.9767441860465,
    "centroid_um": [
      0.0,
      75.53976744186046,
      103.02479069767443
    ],
    "radii_um": [
      0.0,
      5.0,
      10.0,
      15.0,
      20.0,
      25.0,
      30.0,
      35.0,
      40.0
    ],
    "radii_px": [
      0.0,
      13.199577613516366,
      26.399155227032733,
      39.5987328405491,
      52.798310454065465,
      65.99788806758183,
      79.1974656810982,
      92.39704329461456,
      105.59662090813093
    ]
  },
  "38": {
    "center_y_px": 201.45454545454547,
    "center_x_px": 262.038961038961,
    "centroid_um": [
      0.0,
      76.31098181818183,
      99.26035844155844
    ],
    "radii_um": [
      0.0,
      5.0,
      10.0,
      15.0,
      20.0,
      25.0,
      30.0,
      35.0,
      40.0
    ],
    "radii_px": [
      0.0,
      13.199577613516366,
      26.399155227032733,
      39.5987328405491,
      52.798310454065465,
      65.99788806758183,
      79.1974656810982,
      92.39704329461456,
      105.59662090813093
    ]
  },
  "59": {
    "center_y_px": 356.74216027874564,
    "center_x_px": 97.35540069686411,
    "centroid_um": [
      0.0,
      135.13393031358885,
      36.87822578397213
    ],
    "radii_um": [
      0.0,
      5.0,
      10.0,
      15.0,
      20.0,
      25.0,
      30.0,
      35.0,
      40.0
    ],
    "radii_px": [
      0.0,
      13.199577613516366,
      26.399155227032733,
      39.5987328405491,
      52.798310454065465,
      65.99788806758183,
      79.1974656810982,
      92.39704329461456,
      105.59662090813093
    ]
  },
  "61": {
    "center_y_px": 362.2462121212121,
    "center_x_px": 230.6590909090909,
    "centroid_um": [
      0.0,
      137.21886515151516,
      87.37366363636364
    ],
    "radii_um": [
      0.0,
      5.0,
      10.0,
      15.0,
      20.0,
      25.0,
      30.0,
      35.0,
      40.0
    ],
    "radii_px": [
      0.0,
      13.199577613516366,
      26.399155227032733,
      39.5987328405491,
      52.798310454065465,
      65.99788806758183,
      79.1974656810982,
      92.39704329461456,
      105.59662090813093
    ]
  },
  "97": {
    "center_y_px": 546.6803278688525,
    "center_x_px": 391.43715846994536,
    "centroid_um": [
      0.0,
      207.08250819672134,
      148.27639562841532
    ],
    "radii_um": [
      0.0,
      5.0,
      10.0,
      15.0,
      20.0,
      25.0,
      30.0,
      35.0,
      40.0
    ],
    "radii_px": [
      0.0,
      13.199577613516366,
      26.399155227032733,
      39.5987328405491,
      52.798310454065465,
      65.99788806758183,
      79.1974656810982,
      92.39704329461456,
      105.59662090813093
    ]
  },
  "98": {
    "center_y_px": 549.9179265658747,
    "center_x_px": 371.07343412526996,
    "centroid_um": [
      0.0,
      208.30891058315336,
      140.56261684665228
    ],
    "radii_um": [
      0.0,
      5.0,
      10.0,
      15.0,
      20.0,
      25.0,
      30.0,
      35.0,
      40.0
    ],
    "radii_px": [
      0.0,
      13.199577613516366,
      26.399155227032733,
      39.5987328405491,
      52.798310454065465,
      65.99788806758183,
      79.1974656810982,
      92.39704329461456,
      105.59662090813093
    ]
  },
  "102": {
    "center_y_px": 559.7524115755627,
    "center_x_px": 293.9967845659164,
    "centroid_um": [
      0.0,
      212.03421350482319,
      111.36598199356915
    ],
    "radii_um": [
      0.0,
      5.0,
      10.0,
      15.0,
      20.0,
      25.0,
      30.0,
      35.0,
      40.0
    ],
    "radii_px": [
      0.0,
      13.199577613516366,
      26.399155227032733,
      39.5987328405491,
      52.798310454065465,
      65.99788806758183,
      79.1974656810982,
      92.39704329461456,
      105.59662090813093
    ]
  },
  "105": {
    "center_y_px": 565.0429447852761,
    "center_x_px": 259.29754601226995,
    "centroid_um": [
      0.0,
      214.03826748466258,
      98.22191042944786
    ],
    "radii_um": [
      0.0,
      5.0,
      10.0,
      15.0,
      20.0,
      25.0,
      30.0,
      35.0,
      40.0
    ],
    "radii_px": [
      0.0,
      13.199577613516366,
      26.399155227032733,
      39.5987328405491,
      52.798310454065465,
      65.99788806758183,
      79.1974656810982,
      92.39704329461456,
      105.59662090813093
    ]
  },
  "106": {
    "center_y_px": 565.8266978922717,
    "center_x_px": 233.98126463700234,
    "centroid_um": [
      0.0,
      214.33515316159253,
      88.63210304449649
    ],
    "radii_um": [
      0.0,
      5.0,
      10.0,
      15.0,
      20.0,
      25.0,
      30.0,
      35.0,
      40.0
    ],
    "radii_px": [
      0.0,
      13.199577613516366,
      26.399155227032733,
      39.5987328405491,
      52.798310454065465,
      65.99788806758183,
      79.1974656810982,
      92.39704329461456,
      105.59662090813093
    ]
  },
  "111": {
    "center_y_px": 596.6677215189874,
    "center_x_px": 234.89240506329114,
    "centroid_um": [
      0.0,
      226.01773291139244,
      88.97724303797469
    ],
    "radii_um": [
      0.0,
      5.0,
      10.0,
      15.0,
      20.0,
      25.0,
      30.0,
      35.0,
      40.0
    ],
    "radii_px": [
      0.0,
      13.199577613516366,
      26.399155227032733,
      39.5987328405491,
      52.798310454065465,
      65.99788806758183,
      79.1974656810982,
      92.39704329461456,
      105.59662090813093
    ]
  },
  "113": {
    "center_y_px": 615.5257731958762,
    "center_x_px": 242.15463917525773,
    "centroid_um": [
      0.0,
      233.16116288659794,
      91.72817731958763
    ],
    "radii_um": [
      0.0,
      5.0,
      10.0,
      15.0,
      20.0,
      25.0,
      30.0,
      35.0,
      40.0
    ],
    "radii_px": [
      0.0,
      13.199577613516366,
      26.399155227032733,
      39.5987328405491,
      52.798310454065465,
      65.99788806758183,
      79.1974656810982,
      92.39704329461456,
      105.59662090813093
    ]
  },
  "138": {
    "center_y_px": 723.3343195266273,
    "center_x_px": 724.4408284023668,
    "centroid_um": [
      0.0,
      273.9990402366864,
      274.4181857988166
    ],
    "radii_um": [
      0.0,
      5.0,
      10.0,
      15.0,
      20.0,
      25.0,
      30.0,
      35.0,
      40.0
    ],
    "radii_px": [
      0.0,
      13.199577613516366,
      26.399155227032733,
      39.5987328405491,
      52.798310454065465,
      65.99788806758183,
      79.1974656810982,
      92.39704329461456,
      105.59662090813093
    ]
  },
  "152": {
    "center_y_px": 805.6079545454545,
    "center_x_px": 445.7613636363636,
    "centroid_um": [
      0.0,
      305.1642931818182,
      168.85440454545454
    ],
    "radii_um": [
      0.0,
      5.0,
      10.0,
      15.0,
      20.0,
      25.0,
      30.0,
      35.0,
      40.0
    ],
    "radii_px": [
      0.0,
      13.199577613516366,
      26.399155227032733,
      39.5987328405491,
      52.798310454065465,
      65.99788806758183,
      79.1974656810982,
      92.39704329461456,
      105.59662090813093
    ]
  },
  "154": {
    "center_y_px": 817.0217391304348,
    "center_x_px": 385.731884057971,
    "centroid_um": [
      0.0,
      309.48783478260873,
      146.1152376811594
    ],
    "radii_um": [
      0.0,
      5.0,
      10.0,
      15.0,
      20.0,
      25.0,
      30.0,
      35.0,
      40.0
    ],
    "radii_px": [
      0.0,
      13.199577613516366,
      26.399155227032733,
      39.5987328405491,
      52.798310454065465,
      65.99788806758183,
      79.1974656810982,
      92.39704329461456,
      105.59662090813093
    ]
  },
  "164": {
    "center_y_px": 912.5969581749049,
    "center_x_px": 454.893536121673,
    "centroid_um": [
      0.0,
      345.691727756654,
      172.31367148288973
    ],
    "radii_um": [
      0.0,
      5.0,
      10.0,
      15.0,
      20.0,
      25.0,
      30.0,
      35.0,
      40.0
    ],