{
  "79": {
    "center_y_px": 287.92857142857144,
    "center_x_px": 266.6357142857143,
    "centroid_um": [
      0.0,
      109.06734285714288,
      101.00160857142859
    ],
    "radii_um": [
      0.0,
      1.0,
      2.0,
      3.0,
      4.0,
      5.0,
      6.0,
      7.0,
      8.0,
      9.0,
      10.0,
      11.0,
      12.0,
      13.0,
      14.0,
      15.0,
      16.0,
      17.0,
      18.0,
      19.0,
      20.0,
      21.0,
      22.0,
      23.0,
      24.0,
      25.0
    ],
    "radii_px": [
      0.0,
      2.6399155227032733,
      5.279831045406547,
      7.91974656810982,
      10.559662090813093,
      13.199577613516366,
      15.83949313621964,
      18.479408658922914,
      21.119324181626187,
      23.75923970432946,
      26.399155227032733,
      29.039070749736005,
      31.67898627243928,
      34.31890179514255,
      36.95881731784583,
      39.5987328405491,
      42.23864836325237,
      44.87856388595565,
      47.51847940865892,
      50.158394931362196,
      52.798310454065465,
      55.43822597676874,
      58.07814149947201,
      60.71805702217529,
      63.35797254487856,
      65.99788806758183
    ]
  },
  "159": {
    "center_y_px": 638.8133333333334,
    "center_x_px": 11.235555555555555,
    "centroid_um": [
      0.0,
      241.9824906666667,
      4.2560284444444445
    ],
    "radii_um": [
      0.0,
      1.0,
      2.0,
      3.0,
      4.0,
      5.0,
      6.0,
      7.0,
      8.0,
      9.0,
      10.0,
      11.0,
      12.0,
      13.0,
      14.0,
      15.0,
      16.0,
      17.0,
      18.0,
      19.0,
      20.0,
      21.0,
      22.0,
      23.0,
      24.0,
      25.0
    ],
    "radii_px": [
      0.0,
      2.6399155227032733,
      5.279831045406547,
      7.91974656810982,
      10.559662090813093,
      13.199577613516366,
      15.83949313621964,
      18.479408658922914,
      21.119324181626187,
      23.75923970432946,
      26.399155227032733,
      29.039070749736005,
      31.67898627243928,
      34.31890179514255,
      36.95881731784583,
      39.5987328405491,
      42.23864836325237,
      44.87856388595565,
      47.51847940865892,
      50.158394931362196,
      52.798310454065465,
      55.43822597676874,
      58.07814149947201,
      60.71805702217529,
      63.35797254487856,
      65.99788806758183
    ]
  },
  "166": {
    "center_y_px": 671.0062893081761,
    "center_x_px": 98.65723270440252,
    "centroid_um": [
      0.0,
      254.17718238993712,
      37.37135974842768
    ],
    "radii_um": [
      0.0,
      1.0,
      2.0,
      3.0,
      4.0,
      5.0,
      6.0,
      7.0,
      8.0,
      9.0,
      10.0,
      11.0,
      12.0,
      13.0,
      14.0,
      15.0,
      16.0,
      17.0,
      18.0,
      19.0,
      20.0,
      21.0,
      22.0,
      23.0,
      24.0,
      25.0
    ],
    "radii_px": [
      0.0,
      2.6399155227032733,
      5.279831045406547,
      7.91974656810982,
      10.559662090813093,
      13.199577613516366,
      15.83949313621964,
      18.479408658922914,
      21.119324181626187,
      23.75923970432946,
      26.399155227032733,
      29.039070749736005,
      31.67898627243928,
      34.31890179514255,
      36.95881731784583,
      39.5987328405491,
      42.23864836325237,
      44.87856388595565,
      47.51847940865892,
      50.158394931362196,
      52.798310454065465,
      55.43822597676874,
      58.07814149947201,
      60.71805702217529,
      63.35797254487856,
      65.99788806758183
    ]
  },
  "169": {
    "center_y_px": 731.2870090634441,
    "center_x_px": 157.78851963746223,
    "centroid_um": [
      0.0,
      277.0115190332326,
      59.770291238670694
    ],
    "radii_um": [
      0.0,
      1.0,
      2.0,
      3.0,
      4.0,
      5.0,
      6.0,
      7.0,
      8.0,
      9.0,
      10.0,
      11.0,
      12.0,
      13.0,
      14.0,
      15.0,
      16.0,
      17.0,
      18.0,
      19.0,
      20.0,
      21.0,
      22.0,
      23.0,
      24.0,
      25.0
    ],
    "radii_px": [
      0.0,
      2.6399155227032733,
      5.279831045406547,
      7.91974656810982,
      10.559662090813093,
      13.199577613516366,
      15.83949313621964,
      18.479408658922914,
      21.119324181626187,
      23.75923970432946,
      26.399155227032733,
      29.039070749736005,
      31.67898627243928,
      34.31890179514255,
      36.95881731784583,
      39.5987328405491,
      42.23864836325237,
      44.87856388595565,
      47.51847940865892,
      50.158394931362196,
      52.798310454065465,
      55.43822597676874,
      58.07814149947201,
      60.71805702217529,
      63.35797254487856,
      65.99788806758183
    ]
  },
  "179": {
    "center_y_px": 809.7446808510638,
    "center_x_px": 226.43829787234043,
    "centroid_um": [
      0.0,
      306.731285106383,
      85.77482723404256
    ],
    "radii_um": [
      0.0,
      1.0,
      2.0,
      3.0,
      4.0,
      5.0,
      6.0,
      7.0,
      8.0,
      9.0,
      10.0,
      11.0,
      12.0,
      13.0,
      14.0,
      15.0,
      16.0,
      17.0,
      18.0,
      19.0,
      20.0,
      21.0,
      22.0,
      23.0,
      24.0,
      25.0
    ],
    "radii_px": [
      0.0,
      2.6399155227032733,
      5.279831045406547,
      7.91974656810982,
      10.559662090813093,
      13.199577613516366,
      15.83949313621964,
      18.479408658922914,
      21.119324181626187,
      23.75923970432946,
      26.399155227032733,
      29.039070749736005,
      31.67898627243928,
      34.31890179514255,
      36.95881731784583,
      39.5987328405491,
      42.23864836325237,
      44.87856388595565,
      47.51847940865892,
      50.158394931362196,
      52.798310454065465,
      55.43822597676874,
      58.07814149947201,
      60.71805702217529,
      63.35797254487856,
      65.99788806758183
    ]
  },
  "201": {
    "center_y_px": 1004.1078838174274,
    "center_x_px": 509.344398340249,
    "centroid_um": [
      0.0,
      380.3560663900415,
      192.93965809128633
    ],
    "radii_um": [
      0.0,
      1.0,
      2.0,
      3.0,
      4.0,
      5.0,
      6.0,
      7.0,
      8.0,
      9.0,
      10.0,
      11.0,
      12.0,
      13.0,
      14.0,
      15.0,
      16.0,
      17.0,
      18.0,
      19.0,
      20.0,
      21.0,
      22.0,
      23.0,
      24.0,
      25.0
    ],
    "radii_px": [
      0.0,
      2.6399155227032733,
      5.279831045406547,
      7.91974656810982,
      10.559662090813093,
      13.199577613516366,
      15.83949313621964,
      18.479408658922914,
      21.119324181626187,
      23.75923970432946,
      26.399155227032733,
      29.039070749736005,
      31.67898627243928,
      34.31890179514255,
      36.95881731784583,
      39.5987328405491,
      42.23864836325237,
      44.87856388595565,
      47.51847940865892,
      50.158394931362196,
      52.798310454065465,
      55.43822597676874,
      58.07814149947201,
      60.71805702217529,
      63.35797254487856,
      65.99788806758183
    ]
  },
  "224": {
    "center_y_px": 704.8587786259542,
    "center_x_px": 203.41221374045801,
    "centroid_um": [
      0.0,
      267.00050534351146,
      77.0525465648855
    ],
    "radii_um": [
      0.0,
      1.0,
      2.0,
      3.0,
      4.0,
      5.0,
      6.0,
      7.0,
      8.0,
      9.0,
      10.0,
      11.0,
      12.0,
      13.0,
      14.0,
      15.0,
      16.0,
      17.0,
      18.0,
      19.0,
      20.0,
      21.0,
      22.0,
      23.0,
      24.0,
      25.0
    ],